stat_time_day,gender,impressions,conversion,cpm,clicks,spend,ctr,conversion_rate,cost_per_conversion,cpc,shopping,shopping_sigla
2025-03-21 00:00:00,NONE,44,0,4.32,0,0.19,0.0,0.0,0.0,0.0,Nacoes Shopping,NS
2025-03-21 00:00:00,MALE,6013,0,3.7,0,22.27,0.0,0.0,0.0,0.0,Nacoes Shopping,NS
2025-03-21 00:00:00,FEMALE,10220,0,3.61,1,36.87,0.01,0.0,0.0,36.87,Nacoes Shopping,NS
2025-03-22 00:00:00,NONE,68,0,3.53,0,0.24,0.0,0.0,0.0,0.0,Nacoes Shopping,NS
2025-03-22 00:00:00,MALE,5995,0,4.18,1,25.03,0.02,0.0,0.0,25.03,Nacoes Shopping,NS
2025-03-22 00:00:00,FEMALE,9414,0,3.8,2,35.77,0.02,0.0,0.0,17.89,Nacoes Shopping,NS
2025-03-23 00:00:00,NONE,62,0,6.29,0,0.39,0.0,0.0,0.0,0.0,Nacoes Shopping,NS
2025-03-23 00:00:00,MALE,6690,0,3.94,0,26.35,0.0,0.0,0.0,0.0,Nacoes Shopping,NS
2025-03-23 00:00:00,FEMALE,8848,0,3.84,3,33.96,0.03,0.0,0.0,11.32,Nacoes Shopping,NS
2025-03-24 00:00:00,NONE,51,0,3.73,0,0.19,0.0,0.0,0.0,0.0,Nacoes Shopping,NS
2025-03-24 00:00:00,MALE,5994,0,4.34,1,26.0,0.02,0.0,0.0,26.0,Nacoes Shopping,NS
2025-03-24 00:00:00,FEMALE,7912,0,3.91,2,30.97,0.03,0.0,0.0,15.49,Nacoes Shopping,NS
2025-03-25 00:00:00,NONE,64,0,4.22,0,0.27,0.0,0.0,0.0,0.0,Nacoes Shopping,NS
2025-03-25 00:00:00,MALE,6272,0,5.41,0,33.95,0.0,0.0,0.0,0.0,Nacoes Shopping,NS
2025-03-25 00:00:00,FEMALE,14056,0,3.44,0,48.38,0.0,0.0,0.0,0.0,Nacoes Shopping,NS
2025-03-26 00:00:00,NONE,68,0,8.97,0,0.61,0.0,0.0,0.0,0.0,Nacoes Shopping,NS
2025-03-26 00:00:00,MALE,7070,0,6.54,0,46.25,0.0,0.0,0.0,0.0,Nacoes Shopping,NS
2025-03-26 00:00:00,FEMALE,16929,0,4.96,2,84.03,0.01,0.0,0.0,42.02,Nacoes Shopping,NS
2025-03-27 00:00:00,NONE,58,0,4.48,0,0.26,0.0,0.0,0.0,0.0,Nacoes Shopping,NS
2025-03-27 00:00:00,MALE,7097,0,6.36,1,45.17,0.01,0.0,0.0,45.17,Nacoes Shopping,NS
2025-03-27 00:00:00,FEMALE,16030,0,4.55,0,72.91,0.0,0.0,0.0,0.0,Nacoes Shopping,NS
2025-03-28 00:00:00,NONE,55,0,4.91,0,0.27,0.0,0.0,0.0,0.0,Nacoes Shopping,NS
2025-03-28 00:00:00,MALE,5617,0,5.24,0,29.46,0.0,0.0,0.0,0.0,Nacoes Shopping,NS
2025-03-28 00:00:00,FEMALE,15689,0,3.44,0,54.03,0.0,0.0,0.0,0.0,Nacoes Shopping,NS
2025-03-29 00:00:00,NONE,81,0,6.54,0,0.53,0.0,0.0,0.0,0.0,Nacoes Shopping,NS
2025-03-29 00:00:00,MALE,6265,0,6.35,1,39.78,0.02,0.0,0.0,39.78,Nacoes Shopping,NS
2025-03-29 00:00:00,FEMALE,20871,0,3.93,0,82.09,0.0,0.0,0.0,0.0,Nacoes Shopping,NS
2025-03-30 00:00:00,NONE,80,0,2.63,1,0.21,1.25,0.0,0.0,0.21,Nacoes Shopping,NS
2025-03-30 00:00:00,MALE,6677,0,5.45,1,36.4,0.01,0.0,0.0,36.4,Nacoes Shopping,NS
2025-03-30 00:00:00,FEMALE,18542,0,3.88,1,71.91,0.01,0.0,0.0,71.91,Nacoes Shopping,NS
2025-03-31 00:00:00,NONE,28,0,11.79,0,0.33,0.0,0.0,0.0,0.0,Nacoes Shopping,NS
2025-03-31 00:00:00,MALE,2540,0,5.32,0,13.51,0.0,0.0,0.0,0.0,Nacoes Shopping,NS
2025-03-31 00:00:00,FEMALE,6737,0,3.86,0,26.02,0.0,0.0,0.0,0.0,Nacoes Shopping,NS
2025-04-01 00:00:00,NONE,0,0,0.0,0,0.0,0.0,0.0,0.0,0.0,Nacoes Shopping,NS
2025-04-01 00:00:00,MALE,0,0,0.0,0,0.0,0.0,0.0,0.0,0.0,Nacoes Shopping,NS
2025-04-01 00:00:00,FEMALE,0,0,0.0,0,0.0,0.0,0.0,0.0,0.0,Nacoes Shopping,NS
2025-04-02 00:00:00,NONE,14,0,0.71,0,0.01,0.0,0.0,0.0,0.0,Nacoes Shopping,NS
2025-04-02 00:00:00,MALE,1708,0,1.07,0,1.83,0.0,0.0,0.0,0.0,Nacoes Shopping,NS
2025-04-02 00:00:00,FEMALE,2330,0,1.09,0,2.55,0.0,0.0,0.0,0.0,Nacoes Shopping,NS
2025-04-03 00:00:00,NONE,32,0,1.25,0,0.04,0.0,0.0,0.0,0.0,Nacoes Shopping,NS
2025-04-03 00:00:00,MALE,4232,0,1.31,0,5.53,0.0,0.0,0.0,0.0,Nacoes Shopping,NS
2025-04-03 00:00:00,FEMALE,5639,0,1.28,0,7.24,0.0,0.0,0.0,0.0,Nacoes Shopping,NS
2025-04-04 00:00:00,NONE,17,0,1.18,0,0.02,0.0,0.0,0.0,0.0,Nacoes Shopping,NS
2025-04-04 00:00:00,MALE,5897,0,1.43,0,8.41,0.0,0.0,0.0,0.0,Nacoes Shopping,NS
2025-04-04 00:00:00,FEMALE,7312,0,1.47,0,10.73,0.0,0.0,0.0,0.0,Nacoes Shopping,NS
2025-04-05 00:00:00,NONE,39,0,0.77,0,0.03,0.0,0.0,0.0,0.0,Nacoes Shopping,NS
2025-04-05 00:00:00,MALE,6241,0,1.39,0,8.68,0.0,0.0,0.0,0.0,Nacoes Shopping,NS
2025-04-05 00:00:00,FEMALE,7445,0,1.43,0,10.63,0.0,0.0,0.0,0.0,Nacoes Shopping,NS
2025-04-06 00:00:00,NONE,54,0,0.74,0,0.04,0.0,0.0,0.0,0.0,Nacoes Shopping,NS
2025-04-06 00:00:00,MALE,6341,0,1.35,0,8.59,0.0,0.0,0.0,0.0,Nacoes Shopping,NS
2025-04-06 00:00:00,FEMALE,7756,0,1.4,0,10.85,0.0,0.0,0.0,0.0,Nacoes Shopping,NS
2025-04-07 00:00:00,NONE,53,0,1.13,0,0.06,0.0,0.0,0.0,0.0,Nacoes Shopping,NS
2025-04-07 00:00:00,MALE,5860,0,1.48,0,8.65,0.0,0.0,0.0,0.0,Nacoes Shopping,NS
2025-04-07 00:00:00,FEMALE,6223,0,1.56,0,9.73,0.0,0.0,0.0,0.0,Nacoes Shopping,NS
2025-04-08 00:00:00,NONE,79,0,1.01,0,0.08,0.0,0.0,0.0,0.0,Nacoes Shopping,NS
2025-04-08 00:00:00,MALE,5617,0,1.64,0,9.22,0.0,0.0,0.0,0.0,Nacoes Shopping,NS
2025-04-08 00:00:00,FEMALE,5400,0,1.66,0,8.99,0.0,0.0,0.0,0.0,Nacoes Shopping,NS
2025-04-09 00:00:00,NONE,42,0,1.9,0,0.08,0.0,0.0,0.0,0.0,Nacoes Shopping,NS
2025-04-09 00:00:00,MALE,5568,0,1.62,0,9.01,0.0,0.0,0.0,0.0,Nacoes Shopping,NS
2025-04-09 00:00:00,FEMALE,5419,0,1.73,0,9.35,0.0,0.0,0.0,0.0,Nacoes Shopping,NS
2025-04-10 00:00:00,NONE,40,0,2.0,0,0.08,0.0,0.0,0.0,0.0,Nacoes Shopping,NS
2025-04-10 00:00:00,MALE,5354,0,1.54,0,8.27,0.0,0.0,0.0,0.0,Nacoes Shopping,NS
2025-04-10 00:00:00,FEMALE,6063,0,1.45,0,8.77,0.0,0.0,0.0,0.0,Nacoes Shopping,NS
2025-04-11 00:00:00,NONE,44,0,0.91,0,0.04,0.0,0.0,0.0,0.0,Nacoes Shopping,NS
2025-04-11 00:00:00,MALE,5422,0,1.45,0,7.87,0.0,0.0,0.0,0.0,Nacoes Shopping,NS
2025-04-11 00:00:00,FEMALE,5973,0,1.5,0,8.93,0.0,0.0,0.0,0.0,Nacoes Shopping,NS
2025-04-12 00:00:00,NONE,54,0,0.74,0,0.04,0.0,0.0,0.0,0.0,Nacoes Shopping,NS
2025-04-12 00:00:00,MALE,5476,0,1.46,0,8.0,0.0,0.0,0.0,0.0,Nacoes Shopping,NS
2025-04-12 00:00:00,FEMALE,6314,0,1.42,0,8.98,0.0,0.0,0.0,0.0,Nacoes Shopping,NS
2025-04-13 00:00:00,NONE,90,0,1.11,0,0.1,0.0,0.0,0.0,0.0,Nacoes Shopping,NS
2025-04-13 00:00:00,MALE,5323,0,1.4,0,7.43,0.0,0.0,0.0,0.0,Nacoes Shopping,NS
2025-04-13 00:00:00,FEMALE,6363,0,1.45,0,9.21,0.0,0.0,0.0,0.0,Nacoes Shopping,NS
2025-04-14 00:00:00,NONE,85,0,1.29,0,0.11,0.0,0.0,0.0,0.0,Nacoes Shopping,NS
2025-04-14 00:00:00,MALE,4806,0,1.54,0,7.42,0.0,0.0,0.0,0.0,Nacoes Shopping,NS
2025-04-14 00:00:00,FEMALE,5659,0,1.52,0,8.61,0.0,0.0,0.0,0.0,Nacoes Shopping,NS
2025-04-15 00:00:00,NONE,41,0,1.46,0,0.06,0.0,0.0,0.0,0.0,Nacoes Shopping,NS
2025-04-15 00:00:00,MALE,5046,0,1.65,0,8.31,0.0,0.0,0.0,0.0,Nacoes Shopping,NS
2025-04-15 00:00:00,FEMALE,4793,0,1.65,0,7.93,0.0,0.0,0.0,0.0,Nacoes Shopping,NS
2025-04-16 00:00:00,NONE,69,0,1.01,0,0.07,0.0,0.0,0.0,0.0,Nacoes Shopping,NS
2025-04-16 00:00:00,MALE,5070,0,1.59,0,8.08,0.0,0.0,0.0,0.0,Nacoes Shopping,NS
2025-04-16 00:00:00,FEMALE,4986,0,1.71,0,8.52,0.0,0.0,0.0,0.0,Nacoes Shopping,NS
2025-04-17 00:00:00,NONE,62,0,1.61,0,0.1,0.0,0.0,0.0,0.0,Nacoes Shopping,NS
2025-04-17 00:00:00,MALE,4966,0,1.5,0,7.45,0.0,0.0,0.0,0.0,Nacoes Shopping,NS
2025-04-17 00:00:00,FEMALE,6050,0,1.58,0,9.58,0.0,0.0,0.0,0.0,Nacoes Shopping,NS
2025-04-18 00:00:00,NONE,37,0,1.89,0,0.07,0.0,0.0,0.0,0.0,Nacoes Shopping,NS
2025-04-18 00:00:00,MALE,5004,0,1.5,0,7.52,0.0,0.0,0.0,0.0,Nacoes Shopping,NS
2025-04-18 00:00:00,FEMALE,6543,0,1.42,0,9.28,0.0,0.0,0.0,0.0,Nacoes Shopping,NS
2025-04-19 00:00:00,NONE,50,0,1.4,0,0.07,0.0,0.0,0.0,0.0,Nacoes Shopping,NS
2025-04-19 00:00:00,MALE,4549,0,1.52,0,6.92,0.0,0.0,0.0,0.0,Nacoes Shopping,NS
2025-04-19 00:00:00,FEMALE,6437,0,1.41,0,9.06,0.0,0.0,0.0,0.0,Nacoes Shopping,NS
2025-04-20 00:00:00,NONE,70,0,0.86,0,0.06,0.0,0.0,0.0,0.0,Nacoes Shopping,NS
2025-04-20 00:00:00,MALE,4835,0,1.44,0,6.97,0.0,0.0,0.0,0.0,Nacoes Shopping,NS
2025-04-20 00:00:00,FEMALE,6384,0,1.33,0,8.49,0.0,0.0,0.0,0.0,Nacoes Shopping,NS
2025-04-21 00:00:00,NONE,79,0,0.76,0,0.06,0.0,0.0,0.0,0.0,Nacoes Shopping,NS
2025-04-21 00:00:00,MALE,4789,0,1.38,0,6.63,0.0,0.0,0.0,0.0,Nacoes Shopping,NS
2025-04-21 00:00:00,FEMALE,6479,0,1.29,0,8.38,0.0,0.0,0.0,0.0,Nacoes Shopping,NS
2025-04-22 00:00:00,NONE,68,0,1.62,0,0.11,0.0,0.0,0.0,0.0,Nacoes Shopping,NS
2025-04-22 00:00:00,MALE,4647,0,1.5,0,6.97,0.0,0.0,0.0,0.0,Nacoes Shopping,NS
2025-04-22 00:00:00,FEMALE,4971,0,1.54,0,7.66,0.0,0.0,0.0,0.0,Nacoes Shopping,NS
2025-04-23 00:00:00,NONE,65,0,0.62,0,0.04,0.0,0.0,0.0,0.0,Nacoes Shopping,NS
2025-04-23 00:00:00,MALE,4544,0,1.63,0,7.39,0.0,0.0,0.0,0.0,Nacoes Shopping,NS
2025-04-23 00:00:00,FEMALE,4856,0,1.54,0,7.47,0.0,0.0,0.0,0.0,Nacoes Shopping,NS
2025-04-24 00:00:00,NONE,32,0,0.94,0,0.03,0.0,0.0,0.0,0.0,Nacoes Shopping,NS
2025-04-24 00:00:00,MALE,3983,0,1.57,0,6.25,0.0,0.0,0.0,0.0,Nacoes Shopping,NS
2025-04-24 00:00:00,FEMALE,4605,0,1.55,0,7.12,0.0,0.0,0.0,0.0,Nacoes Shopping,NS
2025-04-25 00:00:00,NONE,44,0,0.45,0,0.02,0.0,0.0,0.0,0.0,Nacoes Shopping,NS
2025-04-25 00:00:00,MALE,3742,0,1.74,0,6.51,0.0,0.0,0.0,0.0,Nacoes Shopping,NS
2025-04-25 00:00:00,FEMALE,4157,0,1.66,0,6.9,0.0,0.0,0.0,0.0,Nacoes Shopping,NS
2025-04-26 00:00:00,NONE,49,0,1.63,0,0.08,0.0,0.0,0.0,0.0,Nacoes Shopping,NS
2025-04-26 00:00:00,MALE,3923,0,1.58,0,6.21,0.0,0.0,0.0,0.0,Nacoes Shopping,NS
2025-04-26 00:00:00,FEMALE,4534,0,1.56,0,7.06,0.0,0.0,0.0,0.0,Nacoes Shopping,NS
2025-04-27 00:00:00,NONE,47,0,0.85,0,0.04,0.0,0.0,0.0,0.0,Nacoes Shopping,NS
2025-04-27 00:00:00,MALE,3759,0,1.46,0,5.49,0.0,0.0,0.0,0.0,Nacoes Shopping,NS
2025-04-27 00:00:00,FEMALE,4582,0,1.39,0,6.39,0.0,0.0,0.0,0.0,Nacoes Shopping,NS
2025-04-28 00:00:00,NONE,58,0,0.52,0,0.03,0.0,0.0,0.0,0.0,Nacoes Shopping,NS
2025-04-28 00:00:00,MALE,3058,0,1.56,0,4.76,0.0,0.0,0.0,0.0,Nacoes Shopping,NS
2025-04-28 00:00:00,FEMALE,3561,0,1.61,0,5.72,0.0,0.0,0.0,0.0,Nacoes Shopping,NS
2025-04-29 00:00:00,NONE,23,0,3.48,0,0.08,0.0,0.0,0.0,0.0,Nacoes Shopping,NS
2025-04-29 00:00:00,MALE,3754,0,2.66,12,9.99,0.32,0.0,0.0,0.83,Nacoes Shopping,NS
2025-04-29 00:00:00,FEMALE,4545,0,2.14,14,9.72,0.31,0.0,0.0,0.69,Nacoes Shopping,NS
2025-04-30 00:00:00,NONE,23,0,1.74,0,0.04,0.0,0.0,0.0,0.0,Nacoes Shopping,NS
2025-04-30 00:00:00,MALE,3590,0,2.97,16,10.67,0.45,0.0,0.0,0.67,Nacoes Shopping,NS
2025-04-30 00:00:00,FEMALE,3530,0,3.59,6,12.68,0.17,0.0,0.0,2.11,Nacoes Shopping,NS
2025-05-01 00:00:00,NONE,26,0,0.77,0,0.02,0.0,0.0,0.0,0.0,Nacoes Shopping,NS
2025-05-01 00:00:00,MALE,3856,0,2.53,13,9.75,0.34,0.0,0.0,0.75,Nacoes Shopping,NS
2025-05-01 00:00:00,FEMALE,4322,0,2.76,14,11.95,0.32,0.0,0.0,0.85,Nacoes Shopping,NS
2025-05-02 00:00:00,NONE,22,0,1.36,0,0.03,0.0,0.0,0.0,0.0,Nacoes Shopping,NS
2025-05-02 00:00:00,MALE,4560,0,2.13,8,9.7,0.18,0.0,0.0,1.21,Nacoes Shopping,NS
2025-05-02 00:00:00,FEMALE,6191,0,1.95,19,12.05,0.31,0.0,0.0,0.63,Nacoes Shopping,NS
2025-05-03 00:00:00,NONE,30,0,3.33,0,0.1,0.0,0.0,0.0,0.0,Nacoes Shopping,NS
2025-05-03 00:00:00,MALE,4645,0,2.23,8,10.35,0.17,0.0,0.0,1.29,Nacoes Shopping,NS
2025-05-03 00:00:00,FEMALE,5929,0,2.18,15,12.93,0.25,0.0,0.0,0.86,Nacoes Shopping,NS
2025-05-04 00:00:00,NONE,33,0,2.12,1,0.07,3.03,0.0,0.0,0.07,Nacoes Shopping,NS
2025-05-04 00:00:00,MALE,4226,0,2.73,14,11.54,0.33,0.0,0.0,0.82,Nacoes Shopping,NS
2025-05-04 00:00:00,FEMALE,4715,0,2.5,20,11.78,0.42,0.0,0.0,0.59,Nacoes Shopping,NS
2025-05-05 00:00:00,NONE,42,0,5.48,0,0.23,0.0,0.0,0.0,0.0,Nacoes Shopping,NS
2025-05-05 00:00:00,MALE,4245,0,2.32,7,9.86,0.16,0.0,0.0,1.41,Nacoes Shopping,NS
2025-05-05 00:00:00,FEMALE,5144,0,2.23,12,11.48,0.23,0.0,0.0,0.96,Nacoes Shopping,NS
2025-05-06 00:00:00,NONE,35,0,3.71,0,0.13,0.0,0.0,0.0,0.0,Nacoes Shopping,NS
2025-05-06 00:00:00,MALE,7844,0,2.44,4,19.16,0.05,0.0,0.0,4.79,Nacoes Shopping,NS
2025-05-06 00:00:00,FEMALE,9381,0,2.33,6,21.83,0.06,0.0,0.0,3.64,Nacoes Shopping,NS
2025-05-07 00:00:00,NONE,41,0,1.95,0,0.08,0.0,0.0,0.0,0.0,Nacoes Shopping,NS
2025-05-07 00:00:00,MALE,9751,0,2.55,0,24.86,0.0,0.0,0.0,0.0,Nacoes Shopping,NS
2025-05-07 00:00:00,FEMALE,11651,0,2.44,0,28.47,0.0,0.0,0.0,0.0,Nacoes Shopping,NS
2025-05-08 00:00:00,NONE,93,0,1.72,0,0.16,0.0,0.0,0.0,0.0,Nacoes Shopping,NS
2025-05-08 00:00:00,MALE,20031,0,2.11,32,42.32,0.16,0.0,0.0,1.32,Nacoes Shopping,NS
2025-05-08 00:00:00,FEMALE,25005,0,2.1,45,52.5,0.18,0.0,0.0,1.17,Nacoes Shopping,NS
2025-05-09 00:00:00,NONE,122,0,1.64,0,0.2,0.0,0.0,0.0,0.0,Nacoes Shopping,NS
2025-05-09 00:00:00,MALE,16171,0,2.06,27,33.27,0.17,0.0,0.0,1.23,Nacoes Shopping,NS
2025-05-09 00:00:00,FEMALE,18453,0,2.12,31,39.17,0.17,0.0,0.0,1.26,Nacoes Shopping,NS
2025-05-10 00:00:00,NONE,136,0,2.06,0,0.28,0.0,0.0,0.0,0.0,Nacoes Shopping,NS
2025-05-10 00:00:00,MALE,14905,0,2.13,24,31.7,0.16,0.0,0.0,1.32,Nacoes Shopping,NS
2025-05-10 00:00:00,FEMALE,17237,0,2.32,30,39.91,0.17,0.0,0.0,1.33,Nacoes Shopping,NS
2025-05-11 00:00:00,NONE,113,0,1.15,0,0.13,0.0,0.0,0.0,0.0,Nacoes Shopping,NS
2025-05-11 00:00:00,MALE,14895,0,2.07,15,30.84,0.1,0.0,0.0,2.06,Nacoes Shopping,NS
2025-05-11 00:00:00,FEMALE,17366,0,2.41,24,41.88,0.14,0.0,0.0,1.75,Nacoes Shopping,NS
2025-05-12 00:00:00,NONE,121,0,1.07,0,0.13,0.0,0.0,0.0,0.0,Nacoes Shopping,NS
2025-05-12 00:00:00,MALE,14090,0,2.26,24,31.87,0.17,0.0,0.0,1.33,Nacoes Shopping,NS
2025-05-12 00:00:00,FEMALE,16812,0,2.43,25,40.85,0.15,0.0,0.0,1.63,Nacoes Shopping,NS
2025-05-13 00:00:00,NONE,138,0,1.45,0,0.2,0.0,0.0,0.0,0.0,Nacoes Shopping,NS
2025-05-13 00:00:00,MALE,14099,0,2.24,20,31.54,0.14,0.0,0.0,1.58,Nacoes Shopping,NS
2025-05-13 00:00:00,FEMALE,16444,0,2.5,35,41.13,0.21,0.0,0.0,1.18,Nacoes Shopping,NS
2025-05-14 00:00:00,NONE,154,0,1.56,1,0.24,0.65,0.0,0.0,0.24,Nacoes Shopping,NS
2025-05-14 00:00:00,MALE,14420,0,2.34,28,33.7,0.19,0.0,0.0,1.2,Nacoes Shopping,NS
2025-05-14 00:00:00,FEMALE,15079,0,2.57,32,38.82,0.21,0.0,0.0,1.21,Nacoes Shopping,NS
2025-05-15 00:00:00,NONE,211,0,1.71,0,0.36,0.0,0.0,0.0,0.0,Nacoes Shopping,NS
2025-05-15 00:00:00,MALE,29961,0,2.03,28,60.82,0.09,0.0,0.0,2.17,Nacoes Shopping,NS
2025-05-15 00:00:00,FEMALE,39648,0,2.13,39,84.58,0.1,0.0,0.0,2.17,Nacoes Shopping,NS
2025-05-16 00:00:00,NONE,246,0,1.63,0,0.4,0.0,0.0,0.0,0.0,Nacoes Shopping,NS
2025-05-16 00:00:00,MALE,38198,0,2.02,32,77.1,0.08,0.0,0.0,2.41,Nacoes Shopping,NS
2025-05-16 00:00:00,FEMALE,49868,0,2.18,37,108.49,0.07,0.0,0.0,2.93,Nacoes Shopping,NS
2025-05-17 00:00:00,NONE,238,0,1.68,0,0.4,0.0,0.0,0.0,0.0,Nacoes Shopping,NS
2025-05-17 00:00:00,MALE,25008,0,2.05,22,51.21,0.09,0.0,0.0,2.33,Nacoes Shopping,NS
2025-05-17 00:00:00,FEMALE,30501,0,2.11,35,64.24,0.11,0.0,0.0,1.84,Nacoes Shopping,NS
2025-05-18 00:00:00,NONE,235,0,1.53,0,0.36,0.0,0.0,0.0,0.0,Nacoes Shopping,NS
2025-05-18 00:00:00,MALE,20355,0,2.0,35,40.74,0.17,0.0,0.0,1.16,Nacoes Shopping,NS
2025-05-18 00:00:00,FEMALE,23816,0,2.0,39,47.72,0.16,0.0,0.0,1.22,Nacoes Shopping,NS
2025-05-19 00:00:00,NONE,252,0,1.63,1,0.41,0.4,0.0,0.0,0.41,Nacoes Shopping,NS
2025-05-19 00:00:00,MALE,19543,0,2.02,32,39.54,0.16,0.0,0.0,1.24,Nacoes Shopping,NS
2025-05-19 00:00:00,FEMALE,21296,0,2.21,45,47.07,0.21,0.0,0.0,1.05,Nacoes Shopping,NS
2025-05-20 00:00:00,NONE,206,0,1.55,0,0.32,0.0,0.0,0.0,0.0,Nacoes Shopping,NS
2025-05-20 00:00:00,MALE,19141,0,2.19,20,41.92,0.1,0.0,0.0,2.1,Nacoes Shopping,NS
2025-05-20 00:00:00,FEMALE,20007,0,2.29,31,45.72,0.15,0.0,0.0,1.47,Nacoes Shopping,NS
2025-05-21 00:00:00,NONE,246,0,1.71,0,0.42,0.0,0.0,0.0,0.0,Nacoes Shopping,NS
2025-05-21 00:00:00,MALE,18761,0,2.17,34,40.7,0.18,0.0,0.0,1.2,Nacoes Shopping,NS
2025-05-21 00:00:00,FEMALE,19848,0,2.31,36,45.85,0.18,0.0,0.0,1.27,Nacoes Shopping,NS
2025-05-22 00:00:00,NONE,285,0,2.39,0,0.68,0.0,0.0,0.0,0.0,Nacoes Shopping,NS
2025-05-22 00:00:00,MALE,18795,0,2.09,23,39.36,0.12,0.0,0.0,1.71,Nacoes Shopping,NS
2025-05-22 00:00:00,FEMALE,21822,0,2.15,25,46.98,0.11,0.0,0.0,1.88,Nacoes Shopping,NS
2025-05-23 00:00:00,NONE,234,0,1.97,0,0.46,0.0,0.0,0.0,0.0,Nacoes Shopping,NS
2025-05-23 00:00:00,MALE,17942,0,2.2,20,39.5,0.11,0.0,0.0,1.98,Nacoes Shopping,NS
2025-05-23 00:00:00,FEMALE,21392,0,2.16,30,46.14,0.14,0.0,0.0,1.54,Nacoes Shopping,NS
2025-05-24 00:00:00,NONE,301,0,1.99,0,0.6,0.0,0.0,0.0,0.0,Nacoes Shopping,NS
2025-05-24 00:00:00,MALE,17660,0,2.18,31,38.44,0.18,0.0,0.0,1.24,Nacoes Shopping,NS
2025-05-24 00:00:00,FEMALE,22061,0,2.11,45,46.45,0.2,0.0,0.0,1.03,Nacoes Shopping,NS
2025-05-25 00:00:00,NONE,339,0,1.5,1,0.51,0.29,0.0,0.0,0.51,Nacoes Shopping,NS
2025-05-25 00:00:00,MALE,18493,0,2.23,28,41.21,0.15,0.0,0.0,1.47,Nacoes Shopping,NS
2025-05-25 00:00:00,FEMALE,21195,0,2.11,20,44.69,0.09,0.0,0.0,2.23,Nacoes Shopping,NS
2025-05-26 00:00:00,NONE,395,0,2.23,0,0.88,0.0,0.0,0.0,0.0,Nacoes Shopping,NS
2025-05-26 00:00:00,MALE,17314,0,2.24,22,38.77,0.13,0.0,0.0,1.76,Nacoes Shopping,NS
2025-05-26 00:00:00,FEMALE,19093,0,2.38,14,45.36,0.07,0.0,0.0,3.24,Nacoes Shopping,NS
2025-05-27 00:00:00,NONE,484,0,1.98,1,0.96,0.21,0.0,0.0,0.96,Nacoes Shopping,NS
2025-05-27 00:00:00,MALE,17687,0,2.31,24,40.8,0.14,0.0,0.0,1.7,Nacoes Shopping,NS
2025-05-27 00:00:00,FEMALE,17467,0,2.48,26,43.36,0.15,0.0,0.0,1.67,Nacoes Shopping,NS
2025-05-28 00:00:00,NONE,594,0,2.15,3,1.28,0.51,0.0,0.0,0.43,Nacoes Shopping,NS
2025-05-28 00:00:00,MALE,17017,0,2.38,23,40.56,0.14,0.0,0.0,1.76,Nacoes Shopping,NS
2025-05-28 00:00:00,FEMALE,17217,0,2.45,23,42.12,0.13,0.0,0.0,1.83,Nacoes Shopping,NS
2025-05-29 00:00:00,NONE,396,0,2.35,0,0.93,0.0,0.0,0.0,0.0,Nacoes Shopping,NS
2025-05-29 00:00:00,MALE,16378,0,2.32,16,38.07,0.1,0.0,0.0,2.38,Nacoes Shopping,NS
2025-05-29 00:00:00,FEMALE,18604,0,2.36,23,43.86,0.12,0.0,0.0,1.91,Nacoes Shopping,NS
2025-05-30 00:00:00,NONE,297,0,2.12,0,0.63,0.0,0.0,0.0,0.0,Nacoes Shopping,NS
2025-05-30 00:00:00,MALE,14140,0,2.45,18,34.62,0.13,0.0,0.0,1.92,Nacoes Shopping,NS
2025-05-30 00:00:00,FEMALE,17362,0,2.5,22,43.45,0.13,0.0,0.0,1.98,Nacoes Shopping,NS
2025-05-31 00:00:00,NONE,166,0,2.89,0,0.48,0.0,0.0,0.0,0.0,Nacoes Shopping,NS
2025-05-31 00:00:00,MALE,10721,0,3.12,23,33.5,0.21,0.0,0.0,1.46,Nacoes Shopping,NS
2025-05-31 00:00:00,FEMALE,11427,0,3.1,28,35.48,0.25,0.0,0.0,1.27,Nacoes Shopping,NS
2025-06-01 00:00:00,NONE,0,0,0.0,0,0.0,0.0,0.0,0.0,0.0,Nacoes Shopping,NS
2025-06-01 00:00:00,MALE,0,0,0.0,0,0.0,0.0,0.0,0.0,0.0,Nacoes Shopping,NS
2025-06-01 00:00:00,FEMALE,0,0,0.0,0,0.0,0.0,0.0,0.0,0.0,Nacoes Shopping,NS
2025-06-02 00:00:00,NONE,0,0,0.0,0,0.0,0.0,0.0,0.0,0.0,Nacoes Shopping,NS
2025-06-02 00:00:00,FEMALE,0,0,0.0,0,0.0,0.0,0.0,0.0,0.0,Nacoes Shopping,NS
2025-06-03 00:00:00,NONE,0,0,0.0,0,0.0,0.0,0.0,0.0,0.0,Nacoes Shopping,NS
2025-06-04 00:00:00,NONE,65,0,1.85,1,0.12,1.54,0.0,0.0,0.12,Nacoes Shopping,NS
2025-06-04 00:00:00,MALE,6466,0,2.71,5,17.55,0.08,0.0,0.0,3.51,Nacoes Shopping,NS
2025-06-04 00:00:00,FEMALE,7974,0,2.18,12,17.35,0.15,0.0,0.0,1.45,Nacoes Shopping,NS
2025-06-05 00:00:00,NONE,133,0,2.86,1,0.38,0.75,0.0,0.0,0.38,Nacoes Shopping,NS
2025-06-05 00:00:00,MALE,12251,0,2.56,19,31.39,0.16,0.0,0.0,1.65,Nacoes Shopping,NS
2025-06-05 00:00:00,FEMALE,14943,0,2.53,17,37.88,0.11,0.0,0.0,2.23,Nacoes Shopping,NS
2025-06-06 00:00:00,NONE,185,0,1.84,0,0.34,0.0,0.0,0.0,0.0,Nacoes Shopping,NS
2025-06-06 00:00:00,MALE,12211,0,3.07,17,37.45,0.14,0.0,0.0,2.2,Nacoes Shopping,NS
2025-06-06 00:00:00,FEMALE,14700,0,2.84,21,41.72,0.14,0.0,0.0,1.99,Nacoes Shopping,NS
2025-06-07 00:00:00,NONE,210,0,3.14,0,0.66,0.0,0.0,0.0,0.0,Nacoes Shopping,NS
2025-06-07 00:00:00,MALE,13958,0,2.67,17,37.28,0.12,0.0,0.0,2.19,Nacoes Shopping,NS
2025-06-07 00:00:00,FEMALE,16517,0,2.61,25,43.11,0.15,0.0,0.0,1.72,Nacoes Shopping,NS
2025-06-08 00:00:00,NONE,213,0,9.01,0,1.92,0.0,0.0,0.0,0.0,Nacoes Shopping,NS
2025-06-08 00:00:00,MALE,13540,0,2.64,13,35.79,0.1,0.0,0.0,2.75,Nacoes Shopping,NS
2025-06-08 00:00:00,FEMALE,16336,0,2.56,19,41.74,0.12,0.0,0.0,2.2,Nacoes Shopping,NS
2025-06-09 00:00:00,NONE,155,0,3.55,0,0.55,0.0,0.0,0.0,0.0,Nacoes Shopping,NS
2025-06-09 00:00:00,MALE,12324,0,2.84,20,35.02,0.16,0.0,0.0,1.75,Nacoes Shopping,NS
2025-06-09 00:00:00,FEMALE,14403,0,2.75,15,39.56,0.1,0.0,0.0,2.64,Nacoes Shopping,NS
2025-06-10 00:00:00,NONE,118,0,2.46,0,0.29,0.0,0.0,0.0,0.0,Nacoes Shopping,NS
2025-06-10 00:00:00,MALE,11526,0,3.03,13,34.95,0.11,0.0,0.0,2.69,Nacoes Shopping,NS
2025-06-10 00:00:00,FEMALE,13029,0,2.99,20,39.0,0.15,0.0,0.0,1.95,Nacoes Shopping,NS
2025-06-11 00:00:00,NONE,119,0,1.68,0,0.2,0.0,0.0,0.0,0.0,Nacoes Shopping,NS
2025-06-11 00:00:00,MALE,12354,0,2.77,14,34.2,0.11,0.0,0.0,2.44,Nacoes Shopping,NS
2025-06-11 00:00:00,FEMALE,13239,0,3.05,25,40.36,0.19,0.0,0.0,1.61,Nacoes Shopping,NS
2025-06-12 00:00:00,NONE,83,0,3.13,0,0.26,0.0,0.0,0.0,0.0,Nacoes Shopping,NS
2025-06-12 00:00:00,MALE,11171,0,2.78,17,31.03,0.15,0.0,0.0,1.83,Nacoes Shopping,NS
2025-06-12 00:00:00,FEMALE,12754,0,2.87,22,36.55,0.17,0.0,0.0,1.66,Nacoes Shopping,NS
2025-06-13 00:00:00,NONE,80,0,1.88,0,0.15,0.0,0.0,0.0,0.0,Nacoes Shopping,NS
2025-06-13 00:00:00,MALE,11346,0,2.59,11,29.41,0.1,0.0,0.0,2.67,Nacoes Shopping,NS
2025-06-13 00:00:00,FEMALE,12619,0,2.79,24,35.25,0.19,0.0,0.0,1.47,Nacoes Shopping,NS
2025-06-14 00:00:00,NONE,65,0,2.15,0,0.14,0.0,0.0,0.0,0.0,Nacoes Shopping,NS
2025-06-14 00:00:00,MALE,10607,0,2.43,24,25.8,0.23,0.0,0.0,1.08,Nacoes Shopping,NS
2025-06-14 00:00:00,FEMALE,12130,0,2.63,19,31.87,0.16,0.0,0.0,1.68,Nacoes Shopping,NS
2025-06-15 00:00:00,NONE,53,0,3.02,0,0.16,0.0,0.0,0.0,0.0,Nacoes Shopping,NS
2025-06-15 00:00:00,MALE,6033,0,2.64,9,15.92,0.15,0.0,0.0,1.77,Nacoes Shopping,NS
2025-06-15 00:00:00,FEMALE,6468,0,2.59,2,16.72,0.03,0.0,0.0,8.36,Nacoes Shopping,NS
2025-06-16 00:00:00,NONE,24,0,2.08,0,0.05,0.0,0.0,0.0,0.0,Nacoes Shopping,NS
2025-06-16 00:00:00,MALE,2511,0,2.0,0,5.01,0.0,0.0,0.0,0.0,Nacoes Shopping,NS
2025-06-16 00:00:00,FEMALE,2345,0,2.03,0,4.76,0.0,0.0,0.0,0.0,Nacoes Shopping,NS
2025-06-17 00:00:00,NONE,15,0,1.33,0,0.02,0.0,0.0,0.0,0.0,Nacoes Shopping,NS
2025-06-17 00:00:00,MALE,2308,0,2.05,0,4.74,0.0,0.0,0.0,0.0,Nacoes Shopping,NS
2025-06-17 00:00:00,FEMALE,2175,0,2.16,0,4.69,0.0,0.0,0.0,0.0,Nacoes Shopping,NS
2025-06-18 00:00:00,NONE,10,0,3.0,0,0.03,0.0,0.0,0.0,0.0,Nacoes Shopping,NS
2025-06-18 00:00:00,MALE,2208,0,2.2,0,4.86,0.0,0.0,0.0,0.0,Nacoes Shopping,NS
2025-06-18 00:00:00,FEMALE,1977,0,2.3,0,4.55,0.0,0.0,0.0,0.0,Nacoes Shopping,NS
2025-06-19 00:00:00,NONE,16,0,0.0,0,0.0,0.0,0.0,0.0,0.0,Nacoes Shopping,NS
2025-06-19 00:00:00,MALE,2216,0,2.18,0,4.82,0.0,0.0,0.0,0.0,Nacoes Shopping,NS
2025-06-19 00:00:00,FEMALE,2360,0,2.25,0,5.31,0.0,0.0,0.0,0.0,Nacoes Shopping,NS
2025-06-20 00:00:00,NONE,11,0,2.73,0,0.03,0.0,0.0,0.0,0.0,Nacoes Shopping,NS
2025-06-20 00:00:00,MALE,1918,0,2.26,0,4.34,0.0,0.0,0.0,0.0,Nacoes Shopping,NS
2025-06-20 00:00:00,FEMALE,2087,0,2.09,0,4.37,0.0,0.0,0.0,0.0,Nacoes Shopping,NS
2025-06-21 00:00:00,NONE,10,0,1.0,0,0.01,0.0,0.0,0.0,0.0,Nacoes Shopping,NS
2025-06-21 00:00:00,MALE,1824,0,2.15,0,3.92,0.0,0.0,0.0,0.0,Nacoes Shopping,NS
2025-06-21 00:00:00,FEMALE,1985,0,2.21,0,4.39,0.0,0.0,0.0,0.0,Nacoes Shopping,NS
2025-06-22 00:00:00,NONE,5,0,0.0,0,0.0,0.0,0.0,0.0,0.0,Nacoes Shopping,NS
2025-06-22 00:00:00,MALE,1823,0,2.0,0,3.64,0.0,0.0,0.0,0.0,Nacoes Shopping,NS
2025-06-22 00:00:00,FEMALE,2097,0,2.14,0,4.49,0.0,0.0,0.0,0.0,Nacoes Shopping,NS
2025-06-23 00:00:00,NONE,9,0,0.0,0,0.0,0.0,0.0,0.0,0.0,Nacoes Shopping,NS
2025-06-23 00:00:00,MALE,1653,0,2.32,0,3.83,0.0,0.0,0.0,0.0,Nacoes Shopping,NS
2025-06-23 00:00:00,FEMALE,1725,0,2.13,0,3.68,0.0,0.0,0.0,0.0,Nacoes Shopping,NS
2025-06-24 00:00:00,NONE,4,0,0.0,0,0.0,0.0,0.0,0.0,0.0,Nacoes Shopping,NS
2025-06-24 00:00:00,MALE,1502,0,2.36,0,3.54,0.0,0.0,0.0,0.0,Nacoes Shopping,NS
2025-06-24 00:00:00,FEMALE,1379,0,2.5,0,3.45,0.0,0.0,0.0,0.0,Nacoes Shopping,NS
2025-06-25 00:00:00,NONE,8,0,2.5,0,0.02,0.0,0.0,0.0,0.0,Nacoes Shopping,NS
2025-06-25 00:00:00,MALE,1310,0,2.62,0,3.43,0.0,0.0,0.0,0.0,Nacoes Shopping,NS
2025-06-25 00:00:00,FEMALE,1260,0,2.43,0,3.06,0.0,0.0,0.0,0.0,Nacoes Shopping,NS
2025-06-26 00:00:00,NONE,9,0,0.0,0,0.0,0.0,0.0,0.0,0.0,Nacoes Shopping,NS
2025-06-26 00:00:00,MALE,1118,0,2.66,0,2.97,0.0,0.0,0.0,0.0,Nacoes Shopping,NS
2025-06-26 00:00:00,FEMALE,1074,0,2.58,0,2.77,0.0,0.0,0.0,0.0,Nacoes Shopping,NS
2025-06-27 00:00:00,NONE,8,0,3.75,0,0.03,0.0,0.0,0.0,0.0,Nacoes Shopping,NS
2025-06-27 00:00:00,MALE,1442,0,2.68,0,3.87,0.0,0.0,0.0,0.0,Nacoes Shopping,NS
2025-06-27 00:00:00,FEMALE,1526,0,2.61,0,3.98,0.0,0.0,0.0,0.0,Nacoes Shopping,NS
2025-06-28 00:00:00,NONE,10,0,2.0,0,0.02,0.0,0.0,0.0,0.0,Nacoes Shopping,NS
2025-06-28 00:00:00,MALE,2197,0,2.86,0,6.28,0.0,0.0,0.0,0.0,Nacoes Shopping,NS
2025-06-28 00:00:00,FEMALE,2603,0,2.71,0,7.05,0.0,0.0,0.0,0.0,Nacoes Shopping,NS
2025-06-29 00:00:00,NONE,19,0,2.63,0,0.05,0.0,0.0,0.0,0.0,Nacoes Shopping,NS
2025-06-29 00:00:00,MALE,2556,0,2.59,0,6.63,0.0,0.0,0.0,0.0,Nacoes Shopping,NS
2025-06-29 00:00:00,FEMALE,2562,0,2.52,0,6.45,0.0,0.0,0.0,0.0,Nacoes Shopping,NS
2025-06-30 00:00:00,NONE,48,0,1.67,0,0.08,0.0,0.0,0.0,0.0,Nacoes Shopping,NS
2025-06-30 00:00:00,MALE,4782,0,2.41,0,11.51,0.0,0.0,0.0,0.0,Nacoes Shopping,NS
2025-06-30 00:00:00,FEMALE,5095,0,2.3,0,11.71,0.0,0.0,0.0,0.0,Nacoes Shopping,NS
2025-07-01 00:00:00,NONE,58,0,1.72,0,0.1,0.0,0.0,0.0,0.0,Nacoes Shopping,NS
2025-07-01 00:00:00,MALE,8184,0,1.66,0,13.58,0.0,0.0,0.0,0.0,Nacoes Shopping,NS
2025-07-01 00:00:00,FEMALE,8778,0,1.66,0,14.53,0.0,0.0,0.0,0.0,Nacoes Shopping,NS
2025-07-02 00:00:00,NONE,60,0,1.83,0,0.11,0.0,0.0,0.0,0.0,Nacoes Shopping,NS
2025-07-02 00:00:00,MALE,7712,0,1.74,0,13.44,0.0,0.0,0.0,0.0,Nacoes Shopping,NS
2025-07-02 00:00:00,FEMALE,7230,0,1.83,0,13.25,0.0,0.0,0.0,0.0,Nacoes Shopping,NS
2025-07-03 00:00:00,NONE,77,0,1.43,0,0.11,0.0,0.0,0.0,0.0,Nacoes Shopping,NS
2025-07-03 00:00:00,MALE,11454,0,1.91,0,21.85,0.0,0.0,0.0,0.0,Nacoes Shopping,NS
2025-07-03 00:00:00,FEMALE,10873,0,2.13,0,23.16,0.0,0.0,0.0,0.0,Nacoes Shopping,NS
2025-07-04 00:00:00,NONE,92,0,2.17,0,0.2,0.0,0.0,0.0,0.0,Nacoes Shopping,NS
2025-07-04 00:00:00,MALE,12397,0,1.91,0,23.63,0.0,0.0,0.0,0.0,Nacoes Shopping,NS
2025-07-04 00:00:00,FEMALE,12586,0,2.13,0,26.8,0.0,0.0,0.0,0.0,Nacoes Shopping,NS
2025-07-05 00:00:00,NONE,106,0,2.26,0,0.24,0.0,0.0,0.0,0.0,Nacoes Shopping,NS
2025-07-05 00:00:00,MALE,12919,0,1.88,0,24.24,0.0,0.0,0.0,0.0,Nacoes Shopping,NS
2025-07-05 00:00:00,FEMALE,13466,0,1.92,0,25.8,0.0,0.0,0.0,0.0,Nacoes Shopping,NS
2025-07-06 00:00:00,NONE,134,0,1.72,0,0.23,0.0,0.0,0.0,0.0,Nacoes Shopping,NS
2025-07-06 00:00:00,MALE,12525,0,1.83,0,22.96,0.0,0.0,0.0,0.0,Nacoes Shopping,NS
2025-07-06 00:00:00,FEMALE,14024,0,1.95,0,27.33,0.0,0.0,0.0,0.0,Nacoes Shopping,NS
2025-07-07 00:00:00,NONE,88,0,2.5,0,0.22,0.0,0.0,0.0,0.0,Nacoes Shopping,NS
2025-07-07 00:00:00,MALE,12433,0,1.88,0,23.38,0.0,0.0,0.0,0.0,Nacoes Shopping,NS
2025-07-07 00:00:00,FEMALE,13569,0,1.94,0,26.32,0.0,0.0,0.0,0.0,Nacoes Shopping,NS
2025-07-08 00:00:00,NONE,96,0,2.5,0,0.24,0.0,0.0,0.0,0.0,Nacoes Shopping,NS
2025-07-08 00:00:00,MALE,12163,0,1.86,0,22.6,0.0,0.0,0.0,0.0,Nacoes Shopping,NS
2025-07-08 00:00:00,FEMALE,12615,0,2.01,0,25.33,0.0,0.0,0.0,0.0,Nacoes Shopping,NS
2025-07-09 00:00:00,NONE,59,0,1.69,0,0.1,0.0,0.0,0.0,0.0,Nacoes Shopping,NS
2025-07-09 00:00:00,MALE,11025,0,1.98,0,21.83,0.0,0.0,0.0,0.0,Nacoes Shopping,NS
2025-07-09 00:00:00,FEMALE,12101,0,2.12,0,25.62,0.0,0.0,0.0,0.0,Nacoes Shopping,NS
2025-07-10 00:00:00,NONE,110,0,1.45,0,0.16,0.0,0.0,0.0,0.0,Nacoes Shopping,NS
2025-07-10 00:00:00,MALE,11192,0,2.0,0,22.37,0.0,0.0,0.0,0.0,Nacoes Shopping,NS
2025-07-10 00:00:00,FEMALE,11806,0,2.16,0,25.47,0.0,0.0,0.0,0.0,Nacoes Shopping,NS
2025-07-11 00:00:00,NONE,74,0,2.57,0,0.19,0.0,0.0,0.0,0.0,Nacoes Shopping,NS
2025-07-11 00:00:00,MALE,11687,0,2.0,0,23.39,0.0,0.0,0.0,0.0,Nacoes Shopping,NS
2025-07-11 00:00:00,FEMALE,12358,0,2.04,0,25.17,0.0,0.0,0.0,0.0,Nacoes Shopping,NS
2025-07-12 00:00:00,NONE,78,0,1.79,0,0.14,0.0,0.0,0.0,0.0,Nacoes Shopping,NS
2025-07-12 00:00:00,MALE,11652,0,1.93,0,22.49,0.0,0.0,0.0,0.0,Nacoes Shopping,NS
2025-07-12 00:00:00,FEMALE,12956,0,1.9,0,24.62,0.0,0.0,0.0,0.0,Nacoes Shopping,NS
2025-07-13 00:00:00,NONE,86,0,1.98,0,0.17,0.0,0.0,0.0,0.0,Nacoes Shopping,NS
2025-07-13 00:00:00,MALE,11371,0,1.87,0,21.25,0.0,0.0,0.0,0.0,Nacoes Shopping,NS
2025-07-13 00:00:00,FEMALE,13092,0,1.9,0,24.83,0.0,0.0,0.0,0.0,Nacoes Shopping,NS
2025-07-14 00:00:00,NONE,63,0,3.17,0,0.2,0.0,0.0,0.0,0.0,Nacoes Shopping,NS
2025-07-14 00:00:00,MALE,12021,0,1.81,0,21.71,0.0,0.0,0.0,0.0,Nacoes Shopping,NS
2025-07-14 00:00:00,FEMALE,13700,0,1.91,0,26.19,0.0,0.0,0.0,0.0,Nacoes Shopping,NS
2025-07-15 00:00:00,NONE,66,0,1.67,0,0.11,0.0,0.0,0.0,0.0,Nacoes Shopping,NS
2025-07-15 00:00:00,MALE,11127,0,1.96,0,21.84,0.0,0.0,0.0,0.0,Nacoes Shopping,NS
2025-07-15 00:00:00,FEMALE,11896,0,2.05,0,24.41,0.0,0.0,0.0,0.0,Nacoes Shopping,NS
2025-07-16 00:00:00,NONE,101,0,1.88,0,0.19,0.0,0.0,0.0,0.0,Nacoes Shopping,NS
2025-07-16 00:00:00,MALE,15396,0,2.24,0,34.5,0.0,0.0,0.0,0.0,Nacoes Shopping,NS
2025-07-16 00:00:00,FEMALE,17227,0,2.22,0,38.18,0.0,0.0,0.0,0.0,Nacoes Shopping,NS
2025-07-17 00:00:00,NONE,175,0,2.06,0,0.36,0.0,0.0,0.0,0.0,Nacoes Shopping,NS
2025-07-17 00:00:00,MALE,18959,0,2.26,0,42.82,0.0,0.0,0.0,0.0,Nacoes Shopping,NS
2025-07-17 00:00:00,FEMALE,22778,0,2.28,0,52.03,0.0,0.0,0.0,0.0,Nacoes Shopping,NS
2025-07-18 00:00:00,NONE,249,0,2.49,0,0.62,0.0,0.0,0.0,0.0,Nacoes Shopping,NS
2025-07-18 00:00:00,MALE,29421,0,2.24,0,65.9,0.0,0.0,0.0,0.0,Nacoes Shopping,NS
2025-07-18 00:00:00,FEMALE,36240,0,2.46,0,89.08,0.0,0.0,0.0,0.0,Nacoes Shopping,NS
2025-07-19 00:00:00,NONE,246,0,1.83,0,0.45,0.0,0.0,0.0,0.0,Nacoes Shopping,NS
2025-07-19 00:00:00,MALE,33402,0,2.34,0,78.21,0.0,0.0,0.0,0.0,Nacoes Shopping,NS
2025-07-19 00:00:00,FEMALE,39763,0,2.5,0,99.57,0.0,0.0,0.0,0.0,Nacoes Shopping,NS
2025-07-20 00:00:00,NONE,166,0,2.95,0,0.49,0.0,0.0,0.0,0.0,Nacoes Shopping,NS
2025-07-20 00:00:00,MALE,22530,0,2.32,0,52.19,0.0,0.0,0.0,0.0,Nacoes Shopping,NS
2025-07-20 00:00:00,FEMALE,25241,0,2.32,0,58.66,0.0,0.0,0.0,0.0,Nacoes Shopping,NS
2025-07-21 00:00:00,NONE,171,0,1.52,0,0.26,0.0,0.0,0.0,0.0,Nacoes Shopping,NS
2025-07-21 00:00:00,MALE,18341,0,2.26,0,41.38,0.0,0.0,0.0,0.0,Nacoes Shopping,NS
2025-07-21 00:00:00,FEMALE,21886,0,2.27,0,49.78,0.0,0.0,0.0,0.0,Nacoes Shopping,NS
2025-07-22 00:00:00,NONE,150,0,2.33,0,0.35,0.0,0.0,0.0,0.0,Nacoes Shopping,NS
2025-07-22 00:00:00,MALE,17891,0,2.25,0,40.18,0.0,0.0,0.0,0.0,Nacoes Shopping,NS
2025-07-22 00:00:00,FEMALE,20065,0,2.26,0,45.44,0.0,0.0,0.0,0.0,Nacoes Shopping,NS
2025-07-23 00:00:00,NONE,143,0,1.89,0,0.27,0.0,0.0,0.0,0.0,Nacoes Shopping,NS
2025-07-23 00:00:00,MALE,18547,0,2.21,0,41.06,0.0,0.0,0.0,0.0,Nacoes Shopping,NS
2025-07-23 00:00:00,FEMALE,20516,0,2.28,0,46.7,0.0,0.0,0.0,0.0,Nacoes Shopping,NS
2025-07-24 00:00:00,NONE,116,0,1.21,0,0.14,0.0,0.0,0.0,0.0,Nacoes Shopping,NS
2025-07-24 00:00:00,MALE,17465,0,2.16,0,37.8,0.0,0.0,0.0,0.0,Nacoes Shopping,NS
2025-07-24 00:00:00,FEMALE,19232,0,2.2,0,42.32,0.0,0.0,0.0,0.0,Nacoes Shopping,NS
2025-07-25 00:00:00,NONE,109,0,2.02,0,0.22,0.0,0.0,0.0,0.0,Nacoes Shopping,NS
2025-07-25 00:00:00,MALE,15914,0,2.29,0,36.43,0.0,0.0,0.0,0.0,Nacoes Shopping,NS
2025-07-25 00:00:00,FEMALE,18381,0,2.35,0,43.26,0.0,0.0,0.0,0.0,Nacoes Shopping,NS
2025-07-26 00:00:00,NONE,117,0,2.48,0,0.29,0.0,0.0,0.0,0.0,Nacoes Shopping,NS
2025-07-26 00:00:00,MALE,14701,0,2.33,0,34.27,0.0,0.0,0.0,0.0,Nacoes Shopping,NS
2025-07-26 00:00:00,FEMALE,17367,0,2.47,0,42.87,0.0,0.0,0.0,0.0,Nacoes Shopping,NS
2025-07-27 00:00:00,NONE,90,0,2.78,0,0.25,0.0,0.0,0.0,0.0,Nacoes Shopping,NS
2025-07-27 00:00:00,MALE,14886,0,2.28,0,33.92,0.0,0.0,0.0,0.0,Nacoes Shopping,NS
2025-07-27 00:00:00,FEMALE,15978,0,2.29,0,36.63,0.0,0.0,0.0,0.0,Nacoes Shopping,NS
2025-07-28 00:00:00,NONE,89,0,2.13,0,0.19,0.0,0.0,0.0,0.0,Nacoes Shopping,NS
2025-07-28 00:00:00,MALE,12813,0,2.14,0,27.44,0.0,0.0,0.0,0.0,Nacoes Shopping,NS
2025-07-28 00:00:00,FEMALE,14992,0,2.13,0,31.95,0.0,0.0,0.0,0.0,Nacoes Shopping,NS
2025-07-29 00:00:00,NONE,116,0,2.16,0,0.25,0.0,0.0,0.0,0.0,Nacoes Shopping,NS
2025-07-29 00:00:00,MALE,11398,0,2.04,0,23.23,0.0,0.0,0.0,0.0,Nacoes Shopping,NS
2025-07-29 00:00:00,FEMALE,14325,0,2.15,0,30.75,0.0,0.0,0.0,0.0,Nacoes Shopping,NS
2025-07-30 00:00:00,NONE,43,0,2.56,0,0.11,0.0,0.0,0.0,0.0,Nacoes Shopping,NS
2025-07-30 00:00:00,MALE,7796,0,2.13,0,16.62,0.0,0.0,0.0,0.0,Nacoes Shopping,NS
2025-07-30 00:00:00,FEMALE,9771,0,2.24,0,21.89,0.0,0.0,0.0,0.0,Nacoes Shopping,NS
2025-07-31 00:00:00,NONE,30,0,1.33,0,0.04,0.0,0.0,0.0,0.0,Nacoes Shopping,NS
2025-07-31 00:00:00,MALE,6127,0,2.16,0,13.25,0.0,0.0,0.0,0.0,Nacoes Shopping,NS
2025-07-31 00:00:00,FEMALE,8963,0,2.22,0,19.9,0.0,0.0,0.0,0.0,Nacoes Shopping,NS
2025-08-01 00:00:00,NONE,64,0,2.03,0,0.13,0.0,0.0,0.0,0.0,Nacoes Shopping,NS
2025-08-01 00:00:00,MALE,8969,0,1.89,0,16.95,0.0,0.0,0.0,0.0,Nacoes Shopping,NS
2025-08-01 00:00:00,FEMALE,11914,0,1.95,0,23.19,0.0,0.0,0.0,0.0,Nacoes Shopping,NS
2025-08-02 00:00:00,NONE,93,0,1.29,0,0.12,0.0,0.0,0.0,0.0,Nacoes Shopping,NS
2025-08-02 00:00:00,MALE,9347,0,1.8,0,16.87,0.0,0.0,0.0,0.0,Nacoes Shopping,NS
2025-08-02 00:00:00,FEMALE,11765,0,1.98,0,23.27,0.0,0.0,0.0,0.0,Nacoes Shopping,NS
2025-08-03 00:00:00,NONE,84,0,1.19,0,0.1,0.0,0.0,0.0,0.0,Nacoes Shopping,NS
2025-08-03 00:00:00,MALE,9506,0,1.79,0,17.04,0.0,0.0,0.0,0.0,Nacoes Shopping,NS
2025-08-03 00:00:00,FEMALE,11481,0,1.9,0,21.81,0.0,0.0,0.0,0.0,Nacoes Shopping,NS
2025-08-04 00:00:00,NONE,88,0,1.48,0,0.13,0.0,0.0,0.0,0.0,Nacoes Shopping,NS
2025-08-04 00:00:00,MALE,9474,0,1.93,0,18.28,0.0,0.0,0.0,0.0,Nacoes Shopping,NS
2025-08-04 00:00:00,FEMALE,9910,0,1.92,0,19.0,0.0,0.0,0.0,0.0,Nacoes Shopping,NS
2025-08-05 00:00:00,NONE,109,0,1.1,0,0.12,0.0,0.0,0.0,0.0,Nacoes Shopping,NS
2025-08-05 00:00:00,MALE,8521,0,2.0,0,17.04,0.0,0.0,0.0,0.0,Nacoes Shopping,NS
2025-08-05 00:00:00,FEMALE,8975,0,2.1,0,18.82,0.0,0.0,0.0,0.0,Nacoes Shopping,NS
2025-08-06 00:00:00,NONE,83,0,1.69,0,0.14,0.0,0.0,0.0,0.0,Nacoes Shopping,NS
2025-08-06 00:00:00,MALE,8264,0,2.16,0,17.86,0.0,0.0,0.0,0.0,Nacoes Shopping,NS
2025-08-06 00:00:00,FEMALE,8457,0,2.28,0,19.26,0.0,0.0,0.0,0.0,Nacoes Shopping,NS
2025-08-07 00:00:00,NONE,63,0,2.06,0,0.13,0.0,0.0,0.0,0.0,Nacoes Shopping,NS
2025-08-07 00:00:00,MALE,8594,0,2.01,0,17.31,0.0,0.0,0.0,0.0,Nacoes Shopping,NS
2025-08-07 00:00:00,FEMALE,9540,0,2.1,0,20.0,0.0,0.0,0.0,0.0,Nacoes Shopping,NS
2025-08-08 00:00:00,NONE,59,0,2.03,0,0.12,0.0,0.0,0.0,0.0,Nacoes Shopping,NS
2025-08-08 00:00:00,MALE,8178,0,2.14,0,17.48,0.0,0.0,0.0,0.0,Nacoes Shopping,NS
2025-08-08 00:00:00,FEMALE,8872,0,2.22,0,19.67,0.0,0.0,0.0,0.0,Nacoes Shopping,NS
2025-08-09 00:00:00,NONE,65,0,2.46,0,0.16,0.0,0.0,0.0,0.0,Nacoes Shopping,NS
2025-08-09 00:00:00,MALE,8244,0,2.11,0,17.38,0.0,0.0,0.0,0.0,Nacoes Shopping,NS
2025-08-09 00:00:00,FEMALE,9081,0,2.21,0,20.03,0.0,0.0,0.0,0.0,Nacoes Shopping,NS
2025-08-10 00:00:00,NONE,65,0,2.31,0,0.15,0.0,0.0,0.0,0.0,Nacoes Shopping,NS
2025-08-10 00:00:00,MALE,8453,0,1.97,0,16.67,0.0,0.0,0.0,0.0,Nacoes Shopping,NS
2025-08-10 00:00:00,FEMALE,9554,0,2.12,0,20.27,0.0,0.0,0.0,0.0,Nacoes Shopping,NS
2025-08-11 00:00:00,NONE,72,0,1.81,0,0.13,0.0,0.0,0.0,0.0,Nacoes Shopping,NS
2025-08-11 00:00:00,MALE,8147,0,2.04,0,16.62,0.0,0.0,0.0,0.0,Nacoes Shopping,NS
2025-08-11 00:00:00,FEMALE,8721,0,2.05,0,17.84,0.0,0.0,0.0,0.0,Nacoes Shopping,NS
2025-08-12 00:00:00,NONE,66,0,1.67,0,0.11,0.0,0.0,0.0,0.0,Nacoes Shopping,NS
2025-08-12 00:00:00,MALE,8221,0,2.1,0,17.23,0.0,0.0,0.0,0.0,Nacoes Shopping,NS
2025-08-12 00:00:00,FEMALE,8399,0,2.14,0,17.98,0.0,0.0,0.0,0.0,Nacoes Shopping,NS
2025-08-13 00:00:00,NONE,92,0,2.39,0,0.22,0.0,0.0,0.0,0.0,Nacoes Shopping,NS
2025-08-13 00:00:00,MALE,8505,0,2.01,0,17.13,0.0,0.0,0.0,0.0,Nacoes Shopping,NS
2025-08-13 00:00:00,FEMALE,8353,0,2.15,0,17.92,0.0,0.0,0.0,0.0,Nacoes Shopping,NS
2025-08-14 00:00:00,NONE,54,0,2.41,0,0.13,0.0,0.0,0.0,0.0,Nacoes Shopping,NS
2025-08-14 00:00:00,MALE,8676,0,1.87,0,16.23,0.0,0.0,0.0,0.0,Nacoes Shopping,NS
2025-08-14 00:00:00,FEMALE,9404,0,1.97,0,18.53,0.0,0.0,0.0,0.0,Nacoes Shopping,NS
2025-08-15 00:00:00,NONE,68,0,1.76,0,0.12,0.0,0.0,0.0,0.0,Nacoes Shopping,NS
2025-08-15 00:00:00,MALE,8124,0,1.92,0,15.62,0.0,0.0,0.0,0.0,Nacoes Shopping,NS
2025-08-15 00:00:00,FEMALE,8599,0,2.21,0,19.01,0.0,0.0,0.0,0.0,Nacoes Shopping,NS
2025-08-16 00:00:00,NONE,66,0,1.67,0,0.11,0.0,0.0,0.0,0.0,Nacoes Shopping,NS
2025-08-16 00:00:00,MALE,8274,0,2.01,0,16.63,0.0,0.0,0.0,0.0,Nacoes Shopping,NS
2025-08-16 00:00:00,FEMALE,8939,0,2.15,0,19.23,0.0,0.0,0.0,0.0,Nacoes Shopping,NS
2025-08-17 00:00:00,NONE,60,0,1.5,0,0.09,0.0,0.0,0.0,0.0,Nacoes Shopping,NS
2025-08-17 00:00:00,MALE,7925,0,2.03,0,16.1,0.0,0.0,0.0,0.0,Nacoes Shopping,NS
2025-08-17 00:00:00,FEMALE,8576,0,2.0,0,17.18,0.0,0.0,0.0,0.0,Nacoes Shopping,NS
2025-08-18 00:00:00,NONE,64,0,1.09,0,0.07,0.0,0.0,0.0,0.0,Nacoes Shopping,NS
2025-08-18 00:00:00,MALE,7275,0,2.14,0,15.54,0.0,0.0,0.0,0.0,Nacoes Shopping,NS
2025-08-18 00:00:00,FEMALE,7656,0,2.15,0,16.48,0.0,0.0,0.0,0.0,Nacoes Shopping,NS
2025-08-19 00:00:00,NONE,71,0,1.97,0,0.14,0.0,0.0,0.0,0.0,Nacoes Shopping,NS
2025-08-19 00:00:00,MALE,7471,0,2.23,0,16.66,0.0,0.0,0.0,0.0,Nacoes Shopping,NS
2025-08-19 00:00:00,FEMALE,6980,0,2.3,0,16.08,0.0,0.0,0.0,0.0,Nacoes Shopping,NS
2025-08-20 00:00:00,NONE,99,0,1.62,0,0.16,0.0,0.0,0.0,0.0,Nacoes Shopping,NS
2025-08-20 00:00:00,MALE,7105,0,2.25,0,15.98,0.0,0.0,0.0,0.0,Nacoes Shopping,NS
2025-08-20 00:00:00,FEMALE,6568,0,2.46,0,16.17,0.0,0.0,0.0,0.0,Nacoes Shopping,NS
2025-08-21 00:00:00,NONE,53,0,1.89,0,0.1,0.0,0.0,0.0,0.0,Nacoes Shopping,NS
2025-08-21 00:00:00,MALE,6688,0,2.13,0,14.27,0.0,0.0,0.0,0.0,Nacoes Shopping,NS
2025-08-21 00:00:00,FEMALE,7118,0,2.25,0,16.04,0.0,0.0,0.0,0.0,Nacoes Shopping,NS
2025-08-22 00:00:00,NONE,54,0,1.3,0,0.07,0.0,0.0,0.0,0.0,Nacoes Shopping,NS
2025-08-22 00:00:00,MALE,5810,0,2.25,0,13.09,0.0,0.0,0.0,0.0,Nacoes Shopping,NS
2025-08-22 00:00:00,FEMALE,6641,0,2.38,0,15.8,0.0,0.0,0.0,0.0,Nacoes Shopping,NS
2025-08-23 00:00:00,NONE,63,0,1.9,0,0.12,0.0,0.0,0.0,0.0,Nacoes Shopping,NS
2025-08-23 00:00:00,MALE,6087,0,2.32,0,14.1,0.0,0.0,0.0,0.0,Nacoes Shopping,NS
2025-08-23 00:00:00,FEMALE,6810,0,2.22,0,15.13,0.0,0.0,0.0,0.0,Nacoes Shopping,NS
2025-08-24 00:00:00,NONE,54,0,1.67,0,0.09,0.0,0.0,0.0,0.0,Nacoes Shopping,NS
2025-08-24 00:00:00,MALE,6492,0,2.09,0,13.54,0.0,0.0,0.0,0.0,Nacoes Shopping,NS
2025-08-24 00:00:00,FEMALE,6466,0,2.13,0,13.76,0.0,0.0,0.0,0.0,Nacoes Shopping,NS
2025-08-25 00:00:00,NONE,52,0,1.15,0,0.06,0.0,0.0,0.0,0.0,Nacoes Shopping,NS
2025-08-25 00:00:00,MALE,5116,0,2.32,0,11.88,0.0,0.0,0.0,0.0,Nacoes Shopping,NS
2025-08-25 00:00:00,FEMALE,4670,0,2.32,0,10.85,0.0,0.0,0.0,0.0,Nacoes Shopping,NS
2025-08-26 00:00:00,NONE,57,0,2.63,0,0.15,0.0,0.0,0.0,0.0,Nacoes Shopping,NS
2025-08-26 00:00:00,MALE,5101,0,2.34,0,11.94,0.0,0.0,0.0,0.0,Nacoes Shopping,NS
2025-08-26 00:00:00,FEMALE,4482,0,2.34,0,10.5,0.0,0.0,0.0,0.0,Nacoes Shopping,NS
2025-08-27 00:00:00,NONE,87,0,2.87,0,0.25,0.0,0.0,0.0,0.0,Nacoes Shopping,NS
2025-08-27 00:00:00,MALE,5655,0,2.45,0,13.83,0.0,0.0,0.0,0.0,Nacoes Shopping,NS
2025-08-27 00:00:00,FEMALE,4797,0,2.4,0,11.51,0.0,0.0,0.0,0.0,Nacoes Shopping,NS
2025-08-28 00:00:00,NONE,50,0,0.8,0,0.04,0.0,0.0,0.0,0.0,Nacoes Shopping,NS
2025-08-28 00:00:00,MALE,5507,0,2.27,0,12.52,0.0,0.0,0.0,0.0,Nacoes Shopping,NS
2025-08-28 00:00:00,FEMALE,5761,0,2.23,0,12.86,0.0,0.0,0.0,0.0,Nacoes Shopping,NS
2025-08-29 00:00:00,NONE,78,0,1.79,0,0.14,0.0,0.0,0.0,0.0,Nacoes Shopping,NS
2025-08-29 00:00:00,MALE,10138,0,2.21,0,22.37,0.0,0.0,0.0,0.0,Nacoes Shopping,NS
2025-08-29 00:00:00,FEMALE,10602,0,2.23,0,23.61,0.0,0.0,0.0,0.0,Nacoes Shopping,NS
2025-08-30 00:00:00,NONE,95,0,1.89,0,0.18,0.0,0.0,0.0,0.0,Nacoes Shopping,NS
2025-08-30 00:00:00,MALE,11351,0,2.21,0,25.08,0.0,0.0,0.0,0.0,Nacoes Shopping,NS
2025-08-30 00:00:00,FEMALE,12245,0,2.29,0,27.98,0.0,0.0,0.0,0.0,Nacoes Shopping,NS
2025-08-31 00:00:00,NONE,113,0,1.77,0,0.2,0.0,0.0,0.0,0.0,Nacoes Shopping,NS
2025-08-31 00:00:00,MALE,10416,0,2.1,0,21.85,0.0,0.0,0.0,0.0,Nacoes Shopping,NS
2025-08-31 00:00:00,FEMALE,10223,0,2.3,0,23.52,0.0,0.0,0.0,0.0,Nacoes Shopping,NS
2025-09-01 00:00:00,NONE,130,0,2.0,0,0.26,0.0,0.0,0.0,0.0,Nacoes Shopping,NS
2025-09-01 00:00:00,MALE,9884,0,1.86,0,18.39,0.0,0.0,0.0,0.0,Nacoes Shopping,NS
2025-09-01 00:00:00,FEMALE,11213,0,2.09,0,23.38,0.0,0.0,0.0,0.0,Nacoes Shopping,NS
2025-09-02 00:00:00,NONE,134,0,1.57,0,0.21,0.0,0.0,0.0,0.0,Nacoes Shopping,NS
2025-09-02 00:00:00,MALE,9452,0,2.1,0,19.87,0.0,0.0,0.0,0.0,Nacoes Shopping,NS
2025-09-02 00:00:00,FEMALE,10415,0,2.1,0,21.9,0.0,0.0,0.0,0.0,Nacoes Shopping,NS
2025-09-03 00:00:00,NONE,155,0,1.68,0,0.26,0.0,0.0,0.0,0.0,Nacoes Shopping,NS
2025-09-03 00:00:00,MALE,8730,0,2.23,0,19.43,0.0,0.0,0.0,0.0,Nacoes Shopping,NS
2025-09-03 00:00:00,FEMALE,9590,0,2.36,0,22.68,0.0,0.0,0.0,0.0,Nacoes Shopping,NS
2025-09-04 00:00:00,NONE,133,0,1.73,0,0.23,0.0,0.0,0.0,0.0,Nacoes Shopping,NS
2025-09-04 00:00:00,MALE,8365,0,2.36,0,19.75,0.0,0.0,0.0,0.0,Nacoes Shopping,NS
2025-09-04 00:00:00,FEMALE,8923,0,2.59,0,23.15,0.0,0.0,0.0,0.0,Nacoes Shopping,NS
2025-09-05 00:00:00,NONE,117,0,1.79,0,0.21,0.0,0.0,0.0,0.0,Nacoes Shopping,NS
2025-09-05 00:00:00,MALE,9134,0,2.21,0,20.17,0.0,0.0,0.0,0.0,Nacoes Shopping,NS
2025-09-05 00:00:00,FEMALE,10981,0,2.22,0,24.41,0.0,0.0,0.0,0.0,Nacoes Shopping,NS
2025-09-06 00:00:00,NONE,112,0,1.88,0,0.21,0.0,0.0,0.0,0.0,Nacoes Shopping,NS
2025-09-06 00:00:00,MALE,8552,0,2.24,0,19.16,0.0,0.0,0.0,0.0,Nacoes Shopping,NS
2025-09-06 00:00:00,FEMALE,10658,0,2.12,0,22.59,0.0,0.0,0.0,0.0,Nacoes Shopping,NS
2025-09-07 00:00:00,NONE,101,0,2.48,0,0.25,0.0,0.0,0.0,0.0,Nacoes Shopping,NS
2025-09-07 00:00:00,MALE,8758,0,2.29,0,20.02,0.0,0.0,0.0,0.0,Nacoes Shopping,NS
2025-09-07 00:00:00,FEMALE,10022,0,2.17,0,21.73,0.0,0.0,0.0,0.0,Nacoes Shopping,NS
2025-09-08 00:00:00,NONE,133,0,1.8,0,0.24,0.0,0.0,0.0,0.0,Nacoes Shopping,NS
2025-09-08 00:00:00,MALE,8412,0,2.23,0,18.75,0.0,0.0,0.0,0.0,Nacoes Shopping,NS
2025-09-08 00:00:00,FEMALE,9653,0,2.27,0,21.9,0.0,0.0,0.0,0.0,Nacoes Shopping,NS
2025-09-09 00:00:00,NONE,49,0,2.65,0,0.13,0.0,0.0,0.0,0.0,Nacoes Shopping,NS
2025-09-09 00:00:00,MALE,11225,0,2.22,0,24.89,0.0,0.0,0.0,0.0,Nacoes Shopping,NS
2025-09-09 00:00:00,FEMALE,13053,0,2.43,0,31.66,0.0,0.0,0.0,0.0,Nacoes Shopping,NS
2025-09-10 00:00:00,NONE,41,0,2.2,0,0.09,0.0,0.0,0.0,0.0,Nacoes Shopping,NS
2025-09-10 00:00:00,MALE,13834,0,2.31,0,31.92,0.0,0.0,0.0,0.0,Nacoes Shopping,NS
2025-09-10 00:00:00,FEMALE,16370,0,2.73,0,44.71,0.0,0.0,0.0,0.0,Nacoes Shopping,NS
2025-09-11 00:00:00,NONE,31,0,1.29,0,0.04,0.0,0.0,0.0,0.0,Nacoes Shopping,NS
2025-09-11 00:00:00,MALE,13457,0,2.42,0,32.63,0.0,0.0,0.0,0.0,Nacoes Shopping,NS
2025-09-11 00:00:00,FEMALE,15375,0,2.91,0,44.77,0.0,0.0,0.0,0.0,Nacoes Shopping,NS
2025-09-12 00:00:00,NONE,27,0,2.96,0,0.08,0.0,0.0,0.0,0.0,Nacoes Shopping,NS
2025-09-12 00:00:00,MALE,12216,0,2.54,0,31.04,0.0,0.0,0.0,0.0,Nacoes Shopping,NS
2025-09-12 00:00:00,FEMALE,15117,0,2.98,0,45.05,0.0,0.0,0.0,0.0,Nacoes Shopping,NS
2025-09-13 00:00:00,NONE,14,0,2.86,0,0.04,0.0,0.0,0.0,0.0,Nacoes Shopping,NS
2025-09-13 00:00:00,MALE,4653,0,2.84,0,13.22,0.0,0.0,0.0,0.0,Nacoes Shopping,NS
2025-09-13 00:00:00,FEMALE,5608,0,3.02,0,16.91,0.0,0.0,0.0,0.0,Nacoes Shopping,NS
2025-09-14 00:00:00,NONE,0,0,0.0,0,0.0,0.0,0.0,0.0,0.0,Nacoes Shopping,NS
2025-09-14 00:00:00,MALE,0,0,0.0,0,0.0,0.0,0.0,0.0,0.0,Nacoes Shopping,NS
2025-09-14 00:00:00,FEMALE,0,0,0.0,0,0.0,0.0,0.0,0.0,0.0,Nacoes Shopping,NS
2025-09-15 00:00:00,NONE,0,0,0.0,0,0.0,0.0,0.0,0.0,0.0,Nacoes Shopping,NS
2025-09-15 00:00:00,MALE,0,0,0.0,0,0.0,0.0,0.0,0.0,0.0,Nacoes Shopping,NS
2025-09-16 00:00:00,NONE,0,0,0.0,0,0.0,0.0,0.0,0.0,0.0,Nacoes Shopping,NS
2025-09-17 00:00:00,NONE,0,0,0.0,0,0.0,0.0,0.0,0.0,0.0,Nacoes Shopping,NS
2025-09-18 00:00:00,NONE,0,0,0.0,0,0.0,0.0,0.0,0.0,0.0,Nacoes Shopping,NS
2025-09-26 00:00:00,NONE,19,0,1.05,0,0.02,0.0,0.0,0.0,0.0,Nacoes Shopping,NS
2025-09-26 00:00:00,MALE,3816,0,2.19,0,8.36,0.0,0.0,0.0,0.0,Nacoes Shopping,NS
2025-09-26 00:00:00,FEMALE,4964,0,2.37,0,11.77,0.0,0.0,0.0,0.0,Nacoes Shopping,NS
2025-09-27 00:00:00,NONE,29,0,1.03,0,0.03,0.0,0.0,0.0,0.0,Nacoes Shopping,NS
2025-09-27 00:00:00,MALE,7734,0,2.37,0,18.32,0.0,0.0,0.0,0.0,Nacoes Shopping,NS
2025-09-27 00:00:00,FEMALE,9704,0,2.47,0,23.94,0.0,0.0,0.0,0.0,Nacoes Shopping,NS
2025-09-28 00:00:00,NONE,49,0,2.04,0,0.1,0.0,0.0,0.0,0.0,Nacoes Shopping,NS
2025-09-28 00:00:00,MALE,8396,0,2.31,0,19.36,0.0,0.0,0.0,0.0,Nacoes Shopping,NS
2025-09-28 00:00:00,FEMALE,9836,0,2.37,0,23.32,0.0,0.0,0.0,0.0,Nacoes Shopping,NS
2025-09-29 00:00:00,NONE,58,0,2.76,0,0.16,0.0,0.0,0.0,0.0,Nacoes Shopping,NS
2025-09-29 00:00:00,MALE,8082,0,2.43,0,19.62,0.0,0.0,0.0,0.0,Nacoes Shopping,NS
2025-09-29 00:00:00,FEMALE,8962,0,2.54,0,22.76,0.0,0.0,0.0,0.0,Nacoes Shopping,NS
2025-09-30 00:00:00,NONE,78,0,2.31,0,0.18,0.0,0.0,0.0,0.0,Nacoes Shopping,NS
2025-09-30 00:00:00,MALE,8461,0,2.5,0,21.12,0.0,0.0,0.0,0.0,Nacoes Shopping,NS
2025-09-30 00:00:00,FEMALE,8045,0,2.52,0,20.26,0.0,0.0,0.0,0.0,Nacoes Shopping,NS
2025-10-01 00:00:00,NONE,97,0,1.44,0,0.14,0.0,0.0,0.0,0.0,Nacoes Shopping,NS
2025-10-01 00:00:00,MALE,8906,0,1.88,0,16.78,0.0,0.0,0.0,0.0,Nacoes Shopping,NS
2025-10-01 00:00:00,FEMALE,10118,0,2.3,0,23.27,0.0,0.0,0.0,0.0,Nacoes Shopping,NS
2025-10-02 00:00:00,NONE,107,0,1.78,0,0.19,0.0,0.0,0.0,0.0,Nacoes Shopping,NS
2025-10-02 00:00:00,MALE,9213,0,1.94,0,17.85,0.0,0.0,0.0,0.0,Nacoes Shopping,NS
2025-10-02 00:00:00,FEMALE,9366,0,2.42,0,22.71,0.0,0.0,0.0,0.0,Nacoes Shopping,NS
2025-10-03 00:00:00,NONE,73,0,1.78,0,0.13,0.0,0.0,0.0,0.0,Nacoes Shopping,NS
2025-10-03 00:00:00,MALE,9212,0,2.02,0,18.64,0.0,0.0,0.0,0.0,Nacoes Shopping,NS
2025-10-03 00:00:00,FEMALE,10055,0,2.19,0,22.06,0.0,0.0,0.0,0.0,Nacoes Shopping,NS
2025-10-04 00:00:00,NONE,71,0,1.55,0,0.11,0.0,0.0,0.0,0.0,Nacoes Shopping,NS
2025-10-04 00:00:00,MALE,8818,0,1.88,0,16.59,0.0,0.0,0.0,0.0,Nacoes Shopping,NS
2025-10-04 00:00:00,FEMALE,10453,0,2.08,0,21.77,0.0,0.0,0.0,0.0,Nacoes Shopping,NS
2025-10-05 00:00:00,NONE,56,0,0.89,0,0.05,0.0,0.0,0.0,0.0,Nacoes Shopping,NS
2025-10-05 00:00:00,MALE,9032,0,1.85,0,16.75,0.0,0.0,0.0,0.0,Nacoes Shopping,NS
2025-10-05 00:00:00,FEMALE,10149,0,2.04,0,20.71,0.0,0.0,0.0,0.0,Nacoes Shopping,NS
2025-10-06 00:00:00,NONE,55,0,1.64,0,0.09,0.0,0.0,0.0,0.0,Nacoes Shopping,NS
2025-10-06 00:00:00,MALE,8501,0,1.95,0,16.6,0.0,0.0,0.0,0.0,Nacoes Shopping,NS
2025-10-06 00:00:00,FEMALE,9370,0,2.21,0,20.7,0.0,0.0,0.0,0.0,Nacoes Shopping,NS
2025-10-07 00:00:00,NONE,83,0,2.89,0,0.24,0.0,0.0,0.0,0.0,Nacoes Shopping,NS
2025-10-07 00:00:00,MALE,7843,0,2.16,0,16.93,0.0,0.0,0.0,0.0,Nacoes Shopping,NS
2025-10-07 00:00:00,FEMALE,9142,0,2.28,0,20.84,0.0,0.0,0.0,0.0,Nacoes Shopping,NS
2025-10-08 00:00:00,NONE,61,0,1.64,0,0.1,0.0,0.0,0.0,0.0,Nacoes Shopping,NS
2025-10-08 00:00:00,MALE,7618,0,2.17,0,16.52,0.0,0.0,0.0,0.0,Nacoes Shopping,NS
2025-10-08 00:00:00,FEMALE,8316,0,2.49,0,20.67,0.0,0.0,0.0,0.0,Nacoes Shopping,NS
2025-10-09 00:00:00,NONE,77,0,2.6,0,0.2,0.0,0.0,0.0,0.0,Nacoes Shopping,NS
2025-10-09 00:00:00,MALE,7404,0,2.23,0,16.5,0.0,0.0,0.0,0.0,Nacoes Shopping,NS
2025-10-09 00:00:00,FEMALE,8485,0,2.36,0,20.06,0.0,0.0,0.0,0.0,Nacoes Shopping,NS
2025-10-10 00:00:00,NONE,63,0,1.59,0,0.1,0.0,0.0,0.0,0.0,Nacoes Shopping,NS
2025-10-10 00:00:00,MALE,7832,0,2.2,0,17.2,0.0,0.0,0.0,0.0,Nacoes Shopping,NS
2025-10-10 00:00:00,FEMALE,9671,0,2.1,0,20.28,0.0,0.0,0.0,0.0,Nacoes Shopping,NS
2025-10-11 00:00:00,NONE,46,0,2.83,0,0.13,0.0,0.0,0.0,0.0,Nacoes Shopping,NS
2025-10-11 00:00:00,MALE,7653,0,1.98,0,15.19,0.0,0.0,0.0,0.0,Nacoes Shopping,NS
2025-10-11 00:00:00,FEMALE,9402,0,2.06,0,19.4,0.0,0.0,0.0,0.0,Nacoes Shopping,NS
2025-10-12 00:00:00,NONE,51,0,1.76,0,0.09,0.0,0.0,0.0,0.0,Nacoes Shopping,NS
2025-10-12 00:00:00,MALE,8042,0,1.88,0,15.12,0.0,0.0,0.0,0.0,Nacoes Shopping,NS
2025-10-12 00:00:00,FEMALE,9543,0,2.06,0,19.65,0.0,0.0,0.0,0.0,Nacoes Shopping,NS
2025-10-13 00:00:00,NONE,65,0,2.15,0,0.14,0.0,0.0,0.0,0.0,Nacoes Shopping,NS
2025-10-13 00:00:00,MALE,7111,0,1.92,0,13.62,0.0,0.0,0.0,0.0,Nacoes Shopping,NS
2025-10-13 00:00:00,FEMALE,8998,0,2.25,0,20.22,0.0,0.0,0.0,0.0,Nacoes Shopping,NS
2025-10-14 00:00:00,NONE,71,0,2.39,0,0.17,0.0,0.0,0.0,0.0,Nacoes Shopping,NS
2025-10-14 00:00:00,MALE,6834,0,2.02,0,13.83,0.0,0.0,0.0,0.0,Nacoes Shopping,NS
2025-10-14 00:00:00,FEMALE,8331,0,2.39,0,19.94,0.0,0.0,0.0,0.0,Nacoes Shopping,NS
2025-10-15 00:00:00,NONE,71,0,2.11,0,0.15,0.0,0.0,0.0,0.0,Nacoes Shopping,NS
2025-10-15 00:00:00,MALE,6524,0,2.21,0,14.39,0.0,0.0,0.0,0.0,Nacoes Shopping,NS
2025-10-15 00:00:00,FEMALE,7327,0,2.48,0,18.16,0.0,0.0,0.0,0.0,Nacoes Shopping,NS
2025-10-16 00:00:00,NONE,55,0,3.09,0,0.17,0.0,0.0,0.0,0.0,Nacoes Shopping,NS
2025-10-16 00:00:00,MALE,6865,0,2.31,0,15.86,0.0,0.0,0.0,0.0,Nacoes Shopping,NS
2025-10-16 00:00:00,FEMALE,6995,0,2.45,0,17.11,0.0,0.0,0.0,0.0,Nacoes Shopping,NS
2025-10-17 00:00:00,NONE,65,0,1.85,0,0.12,0.0,0.0,0.0,0.0,Nacoes Shopping,NS
2025-10-17 00:00:00,MALE,6848,0,2.31,0,15.8,0.0,0.0,0.0,0.0,Nacoes Shopping,NS
2025-10-17 00:00:00,FEMALE,7731,0,2.29,0,17.67,0.0,0.0,0.0,0.0,Nacoes Shopping,NS
2025-10-18 00:00:00,NONE,44,0,2.73,0,0.12,0.0,0.0,0.0,0.0,Nacoes Shopping,NS
2025-10-18 00:00:00,MALE,6561,0,2.02,0,13.24,0.0,0.0,0.0,0.0,Nacoes Shopping,NS
2025-10-18 00:00:00,FEMALE,7911,0,2.22,0,17.58,0.0,0.0,0.0,0.0,Nacoes Shopping,NS
2025-10-19 00:00:00,NONE,33,0,1.21,0,0.04,0.0,0.0,0.0,0.0,Nacoes Shopping,NS
2025-10-19 00:00:00,MALE,6412,0,2.06,0,13.19,0.0,0.0,0.0,0.0,Nacoes Shopping,NS
2025-10-19 00:00:00,FEMALE,7352,0,2.19,0,16.12,0.0,0.0,0.0,0.0,Nacoes Shopping,NS
2025-10-20 00:00:00,NONE,61,0,2.3,0,0.14,0.0,0.0,0.0,0.0,Nacoes Shopping,NS
2025-10-20 00:00:00,MALE,6298,0,2.19,0,13.78,0.0,0.0,0.0,0.0,Nacoes Shopping,NS
2025-10-20 00:00:00,FEMALE,6378,0,2.29,0,14.62,0.0,0.0,0.0,0.0,Nacoes Shopping,NS
2025-10-21 00:00:00,NONE,49,0,2.65,0,0.13,0.0,0.0,0.0,0.0,Nacoes Shopping,NS
2025-10-21 00:00:00,MALE,5543,0,2.42,0,13.44,0.0,0.0,0.0,0.0,Nacoes Shopping,NS
2025-10-21 00:00:00,FEMALE,5447,0,2.5,0,13.61,0.0,0.0,0.0,0.0,Nacoes Shopping,NS
2025-10-22 00:00:00,NONE,64,0,2.03,0,0.13,0.0,0.0,0.0,0.0,Nacoes Shopping,NS
2025-10-22 00:00:00,MALE,5082,0,2.57,0,13.08,0.0,0.0,0.0,0.0,Nacoes Shopping,NS
2025-10-22 00:00:00,FEMALE,4576,0,2.63,0,12.03,0.0,0.0,0.0,0.0,Nacoes Shopping,NS
2025-10-23 00:00:00,NONE,49,0,3.06,0,0.15,0.0,0.0,0.0,0.0,Nacoes Shopping,NS
2025-10-23 00:00:00,MALE,4879,0,2.55,0,12.43,0.0,0.0,0.0,0.0,Nacoes Shopping,NS
2025-10-23 00:00:00,FEMALE,4067,0,2.55,0,10.37,0.0,0.0,0.0,0.0,Nacoes Shopping,NS
2025-10-24 00:00:00,NONE,20,0,3.5,0,0.07,0.0,0.0,0.0,0.0,Nacoes Shopping,NS
2025-10-24 00:00:00,MALE,2962,0,2.33,0,6.91,0.0,0.0,0.0,0.0,Nacoes Shopping,NS
2025-10-24 00:00:00,FEMALE,2928,0,2.37,0,6.95,0.0,0.0,0.0,0.0,Nacoes Shopping,NS
2025-10-25 00:00:00,NONE,6,0,5.0,0,0.03,0.0,0.0,0.0,0.0,Nacoes Shopping,NS
2025-10-25 00:00:00,MALE,1834,0,2.27,0,4.17,0.0,0.0,0.0,0.0,Nacoes Shopping,NS
2025-10-25 00:00:00,FEMALE,2165,0,2.14,0,4.64,0.0,0.0,0.0,0.0,Nacoes Shopping,NS
2025-10-26 00:00:00,NONE,1,0,0.0,0,0.0,0.0,0.0,0.0,0.0,Nacoes Shopping,NS
2025-10-26 00:00:00,MALE,462,0,1.8,0,0.83,0.0,0.0,0.0,0.0,Nacoes Shopping,NS
2025-10-26 00:00:00,FEMALE,362,0,2.21,0,0.8,0.0,0.0,0.0,0.0,Nacoes Shopping,NS
2025-10-27 00:00:00,MALE,0,0,0.0,0,0.0,0.0,0.0,0.0,0.0,Nacoes Shopping,NS
2025-10-30 00:00:00,NONE,50,0,2.6,0,0.13,0.0,0.0,0.0,0.0,Nacoes Shopping,NS
2025-10-30 00:00:00,MALE,5590,0,3.21,1,17.93,0.02,0.0,0.0,17.93,Nacoes Shopping,NS
2025-10-30 00:00:00,FEMALE,7615,0,2.75,4,20.92,0.05,0.0,0.0,5.23,Nacoes Shopping,NS
2025-10-31 00:00:00,NONE,79,0,3.92,0,0.31,0.0,0.0,0.0,0.0,Nacoes Shopping,NS
2025-10-31 00:00:00,MALE,10633,0,3.16,5,33.64,0.05,0.0,0.0,6.73,Nacoes Shopping,NS
2025-10-31 00:00:00,FEMALE,14906,0,2.93,4,43.69,0.03,0.0,0.0,10.92,Nacoes Shopping,NS
2025-11-01 00:00:00,NONE,61,0,2.3,0,0.14,0.0,0.0,0.0,0.0,Nacoes Shopping,NS
2025-11-01 00:00:00,MALE,11826,0,2.7,4,31.89,0.03,0.0,0.0,7.97,Nacoes Shopping,NS
2025-11-01 00:00:00,FEMALE,17096,0,2.47,11,42.25,0.06,0.0,0.0,3.84,Nacoes Shopping,NS
2025-11-02 00:00:00,NONE,72,0,1.81,0,0.13,0.0,0.0,0.0,0.0,Nacoes Shopping,NS
2025-11-02 00:00:00,MALE,11589,0,2.73,11,31.59,0.09,0.0,0.0,2.87,Nacoes Shopping,NS
2025-11-02 00:00:00,FEMALE,16100,0,2.3,10,37.09,0.06,0.0,0.0,3.71,Nacoes Shopping,NS
2025-11-03 00:00:00,NONE,63,0,3.02,0,0.19,0.0,0.0,0.0,0.0,Nacoes Shopping,NS
2025-11-03 00:00:00,MALE,11306,0,2.75,4,31.14,0.04,0.0,0.0,7.79,Nacoes Shopping,NS
2025-11-03 00:00:00,FEMALE,14402,0,2.51,3,36.2,0.02,0.0,0.0,12.07,Nacoes Shopping,NS
2025-11-04 00:00:00,NONE,98,0,2.86,0,0.28,0.0,0.0,0.0,0.0,Nacoes Shopping,NS
2025-11-04 00:00:00,MALE,11741,0,2.7,8,31.7,0.07,0.0,0.0,3.96,Nacoes Shopping,NS
2025-11-04 00:00:00,FEMALE,15018,0,2.49,2,37.33,0.01,0.0,0.0,18.67,Nacoes Shopping,NS
2025-11-05 00:00:00,NONE,71,0,2.39,0,0.17,0.0,0.0,0.0,0.0,Nacoes Shopping,NS
2025-11-05 00:00:00,MALE,10393,0,2.72,9,28.24,0.09,0.0,0.0,3.14,Nacoes Shopping,NS
2025-11-05 00:00:00,FEMALE,14771,0,2.67,7,39.42,0.05,0.0,0.0,5.63,Nacoes Shopping,NS
2025-11-06 00:00:00,NONE,57,0,2.46,0,0.14,0.0,0.0,0.0,0.0,Nacoes Shopping,NS
2025-11-06 00:00:00,MALE,9634,0,3.1,4,29.85,0.04,0.0,0.0,7.46,Nacoes Shopping,NS
2025-11-06 00:00:00,FEMALE,13224,0,2.67,7,35.25,0.05,0.0,0.0,5.04,Nacoes Shopping,NS
2025-11-07 00:00:00,NONE,50,0,1.0,0,0.05,0.0,0.0,0.0,0.0,Nacoes Shopping,NS
2025-11-07 00:00:00,MALE,7980,0,3.15,4,25.15,0.05,0.0,0.0,6.29,Nacoes Shopping,NS
2025-11-07 00:00:00,FEMALE,12447,0,2.79,4,34.7,0.03,0.0,0.0,8.68,Nacoes Shopping,NS
2025-11-08 00:00:00,NONE,32,0,1.88,0,0.06,0.0,0.0,0.0,0.0,Nacoes Shopping,NS
2025-11-08 00:00:00,MALE,6393,0,2.7,11,17.25,0.17,0.0,0.0,1.57,Nacoes Shopping,NS
2025-11-08 00:00:00,FEMALE,11460,0,2.52,4,28.85,0.03,0.0,0.0,7.21,Nacoes Shopping,NS
2025-11-09 00:00:00,NONE,35,0,4.0,0,0.14,0.0,0.0,0.0,0.0,Nacoes Shopping,NS
2025-11-09 00:00:00,MALE,5120,0,2.7,2,13.82,0.04,0.0,0.0,6.91,Nacoes Shopping,NS
2025-11-09 00:00:00,FEMALE,9916,0,2.65,3,26.23,0.03,0.0,0.0,8.74,Nacoes Shopping,NS
2025-11-10 00:00:00,NONE,49,0,1.84,0,0.09,0.0,0.0,0.0,0.0,Nacoes Shopping,NS
2025-11-10 00:00:00,MALE,5282,0,2.99,1,15.77,0.02,0.0,0.0,15.77,Nacoes Shopping,NS
2025-11-10 00:00:00,FEMALE,9349,0,2.74,8,25.62,0.09,0.0,0.0,3.2,Nacoes Shopping,NS
2025-11-11 00:00:00,NONE,87,0,4.6,5,0.4,5.75,0.0,0.0,0.08,Nacoes Shopping,NS
2025-11-11 00:00:00,MALE,9111,0,4.28,382,38.98,4.19,0.0,0.0,0.1,Nacoes Shopping,NS
2025-11-11 00:00:00,FEMALE,10664,0,4.39,488,46.8,4.58,0.0,0.0,0.1,Nacoes Shopping,NS
2025-11-12 00:00:00,NONE,64,0,3.44,1,0.22,1.56,0.0,0.0,0.22,Nacoes Shopping,NS
2025-11-12 00:00:00,MALE,9543,0,3.95,419,37.69,4.39,0.0,0.0,0.09,Nacoes Shopping,NS
2025-11-12 00:00:00,FEMALE,9194,0,4.61,517,42.4,5.62,0.0,0.0,0.08,Nacoes Shopping,NS
2025-11-13 00:00:00,NONE,84,0,8.57,14,0.72,16.67,0.0,0.0,0.05,Nacoes Shopping,NS
2025-11-13 00:00:00,MALE,9208,0,4.44,553,40.91,6.01,0.0,0.0,0.07,Nacoes Shopping,NS
2025-11-13 00:00:00,FEMALE,9052,0,5.1,660,46.14,7.29,0.0,0.0,0.07,Nacoes Shopping,NS
2025-11-14 00:00:00,NONE,76,0,3.55,2,0.27,2.63,0.0,0.0,0.14,Nacoes Shopping,NS
2025-11-14 00:00:00,MALE,8289,0,4.89,539,40.53,6.5,0.0,0.0,0.08,Nacoes Shopping,NS
2025-11-14 00:00:00,FEMALE,8592,0,5.77,793,49.59,9.23,0.0,0.0,0.06,Nacoes Shopping,NS
2025-11-15 00:00:00,NONE,97,0,4.33,6,0.42,6.19,0.0,0.0,0.07,Nacoes Shopping,NS
2025-11-15 00:00:00,MALE,8506,0,4.6,374,39.14,4.4,0.0,0.0,0.1,Nacoes Shopping,NS
2025-11-15 00:00:00,FEMALE,8318,0,4.51,376,37.51,4.52,0.0,0.0,0.1,Nacoes Shopping,NS
2025-11-16 00:00:00,NONE,62,0,12.1,2,0.75,3.23,0.0,0.0,0.38,Nacoes Shopping,NS
2025-11-16 00:00:00,MALE,8528,0,4.44,533,37.9,6.25,0.0,0.0,0.07,Nacoes Shopping,NS
2025-11-16 00:00:00,FEMALE,8255,0,5.1,523,42.14,6.34,0.0,0.0,0.08,Nacoes Shopping,NS
2025-11-17 00:00:00,NONE,93,0,2.69,3,0.25,3.23,0.0,0.0,0.08,Nacoes Shopping,NS
2025-11-17 00:00:00,MALE,7866,0,4.43,428,34.86,5.44,0.0,0.0,0.08,Nacoes Shopping,NS
2025-11-17 00:00:00,FEMALE,8112,0,5.19,606,42.12,7.47,0.0,0.0,0.07,Nacoes Shopping,NS
2025-11-18 00:00:00,NONE,54,0,6.85,5,0.37,9.26,0.0,0.0,0.07,Nacoes Shopping,NS
2025-11-18 00:00:00,MALE,7514,0,4.96,280,37.3,3.73,0.0,0.0,0.13,Nacoes Shopping,NS
2025-11-18 00:00:00,FEMALE,7532,0,4.81,339,36.26,4.5,0.0,0.0,0.11,Nacoes Shopping,NS
2025-11-19 00:00:00,NONE,57,0,5.44,2,0.31,3.51,0.0,0.0,0.16,Nacoes Shopping,NS
2025-11-19 00:00:00,MALE,6937,0,5.29,433,36.7,6.24,0.0,0.0,0.08,Nacoes Shopping,NS
2025-11-19 00:00:00,FEMALE,7505,0,5.36,451,40.24,6.01,0.0,0.0,0.09,Nacoes Shopping,NS
2025-11-20 00:00:00,NONE,80,0,4.13,6,0.33,7.5,0.0,0.0,0.06,Nacoes Shopping,NS
2025-11-20 00:00:00,MALE,7271,0,4.67,386,33.97,5.31,0.0,0.0,0.09,Nacoes Shopping,NS
2025-11-20 00:00:00,FEMALE,7970,0,5.04,478,40.19,6.0,0.0,0.0,0.08,Nacoes Shopping,NS
2025-11-21 00:00:00,NONE,43,0,2.56,0,0.11,0.0,0.0,0.0,0.0,Nacoes Shopping,NS
2025-11-21 00:00:00,MALE,7035,0,4.14,353,29.15,5.02,0.0,0.0,0.08,Nacoes Shopping,NS
2025-11-21 00:00:00,FEMALE,7928,0,4.61,476,36.51,6.0,0.0,0.0,0.08,Nacoes Shopping,NS
2025-11-22 00:00:00,NONE,45,0,4.0,1,0.18,2.22,0.0,0.0,0.18,Nacoes Shopping,NS
2025-11-22 00:00:00,MALE,7362,0,4.37,448,32.17,6.09,0.0,0.0,0.07,Nacoes Shopping,NS
2025-11-22 00:00:00,FEMALE,7311,0,4.38,394,32.05,5.39,0.0,0.0,0.08,Nacoes Shopping,NS
2025-11-23 00:00:00,NONE,72,0,3.19,2,0.23,2.78,0.0,0.0,0.12,Nacoes Shopping,NS
2025-11-23 00:00:00,MALE,8102,0,3.98,463,32.23,5.71,0.0,0.0,0.07,Nacoes Shopping,NS
2025-11-23 00:00:00,FEMALE,8215,0,4.03,435,33.12,5.3,0.0,0.0,0.08,Nacoes Shopping,NS
2025-11-24 00:00:00,NONE,56,0,3.21,3,0.18,5.36,0.0,0.0,0.06,Nacoes Shopping,NS
2025-11-24 00:00:00,MALE,6762,0,4.66,432,31.51,6.39,0.0,0.0,0.07,Nacoes Shopping,NS
2025-11-24 00:00:00,FEMALE,6136,0,4.99,415,30.63,6.76,0.0,0.0,0.07,Nacoes Shopping,NS
2025-11-25 00:00:00,NONE,104,0,2.98,1,0.31,0.96,0.0,0.0,0.31,Nacoes Shopping,NS
2025-11-25 00:00:00,MALE,14411,0,3.34,340,48.15,2.36,0.0,0.0,0.14,Nacoes Shopping,NS
2025-11-25 00:00:00,FEMALE,14760,0,3.83,449,56.54,3.04,0.0,0.0,0.13,Nacoes Shopping,NS
2025-11-26 00:00:00,NONE,166,0,2.65,2,0.44,1.2,0.0,0.0,0.22,Nacoes Shopping,NS
2025-11-26 00:00:00,MALE,18023,0,3.33,414,60.04,2.3,0.0,0.0,0.15,Nacoes Shopping,NS
2025-11-26 00:00:00,FEMALE,17562,0,3.42,395,60.1,2.25,0.0,0.0,0.15,Nacoes Shopping,NS
2025-11-27 00:00:00,NONE,181,0,2.87,1,0.52,0.55,0.0,0.0,0.52,Nacoes Shopping,NS
2025-11-27 00:00:00,MALE,16465,0,3.56,270,58.57,1.64,0.0,0.0,0.22,Nacoes Shopping,NS
2025-11-27 00:00:00,FEMALE,18255,0,3.99,425,72.81,2.33,0.0,0.0,0.17,Nacoes Shopping,NS
2025-11-28 00:00:00,NONE,139,0,5.97,7,0.83,5.04,0.0,0.0,0.12,Nacoes Shopping,NS
2025-11-28 00:00:00,MALE,14947,0,3.97,241,59.29,1.61,0.0,0.0,0.25,Nacoes Shopping,NS
2025-11-28 00:00:00,FEMALE,15341,0,4.29,468,65.76,3.05,0.0,0.0,0.14,Nacoes Shopping,NS
2025-11-29 00:00:00,NONE,136,0,3.9,2,0.53,1.47,0.0,0.0,0.27,Nacoes Shopping,NS
2025-11-29 00:00:00,MALE,16428,0,3.85,444,63.17,2.7,0.0,0.0,0.14,Nacoes Shopping,NS
2025-11-29 00:00:00,FEMALE,16465,0,3.94,438,64.93,2.66,0.0,0.0,0.15,Nacoes Shopping,NS
2025-11-30 00:00:00,NONE,72,0,2.5,1,0.18,1.39,0.0,0.0,0.18,Nacoes Shopping,NS
2025-11-30 00:00:00,MALE,9340,0,3.92,356,36.6,3.81,0.0,0.0,0.1,Nacoes Shopping,NS
2025-11-30 00:00:00,FEMALE,10010,0,4.29,658,42.91,6.57,0.0,0.0,0.07,Nacoes Shopping,NS
2025-12-01 00:00:00,NONE,59,0,2.37,2,0.14,3.39,0.0,0.0,0.07,Nacoes Shopping,NS
2025-12-01 00:00:00,MALE,9012,0,3.4,395,30.65,4.38,0.0,0.0,0.08,Nacoes Shopping,NS
2025-12-01 00:00:00,FEMALE,10538,0,3.64,571,38.34,5.42,0.0,0.0,0.07,Nacoes Shopping,NS
2025-12-02 00:00:00,NONE,69,0,3.19,1,0.22,1.45,0.0,0.0,0.22,Nacoes Shopping,NS
2025-12-02 00:00:00,MALE,9542,0,3.27,358,31.21,3.75,0.0,0.0,0.09,Nacoes Shopping,NS
2025-12-02 00:00:00,FEMALE,10104,0,4.09,681,41.32,6.74,0.0,0.0,0.06,Nacoes Shopping,NS
2025-12-03 00:00:00,NONE,82,0,5.12,7,0.42,8.54,0.0,0.0,0.06,Nacoes Shopping,NS
2025-12-03 00:00:00,MALE,11418,0,2.92,362,33.35,3.17,0.0,0.0,0.09,Nacoes Shopping,NS
2025-12-03 00:00:00,FEMALE,12320,0,3.45,655,42.52,5.32,0.0,0.0,0.06,Nacoes Shopping,NS
2025-12-04 00:00:00,NONE,206,0,2.48,12,0.51,5.83,0.0,0.0,0.04,Nacoes Shopping,NS
2025-12-04 00:00:00,MALE,14341,0,2.96,415,42.44,2.89,0.0,0.0,0.1,Nacoes Shopping,NS
2025-12-04 00:00:00,FEMALE,14661,0,3.29,610,48.19,4.16,0.0,0.0,0.08,Nacoes Shopping,NS
2025-12-05 00:00:00,NONE,187,0,3.32,15,0.62,8.02,0.0,0.0,0.04,Nacoes Shopping,NS
2025-12-05 00:00:00,MALE,13292,0,3.1,354,41.18,2.66,0.0,0.0,0.12,Nacoes Shopping,NS
2025-12-05 00:00:00,FEMALE,14329,0,3.46,536,49.64,3.74,0.0,0.0,0.09,Nacoes Shopping,NS
2025-12-06 00:00:00,NONE,99,0,4.04,5,0.4,5.05,0.0,0.0,0.08,Nacoes Shopping,NS
2025-12-06 00:00:00,MALE,12376,0,3.77,468,46.64,3.78,0.0,0.0,0.1,Nacoes Shopping,NS
2025-12-06 00:00:00,FEMALE,13558,0,3.7,545,50.23,4.02,0.0,0.0,0.09,Nacoes Shopping,NS
2025-12-07 00:00:00,NONE,110,0,6.27,5,0.69,4.55,0.0,0.0,0.14,Nacoes Shopping,NS
2025-12-07 00:00:00,MALE,12598,0,3.29,359,41.4,2.85,0.0,0.0,0.12,Nacoes Shopping,NS
2025-12-07 00:00:00,FEMALE,13607,0,3.84,484,52.24,3.56,0.0,0.0,0.11,Nacoes Shopping,NS
2025-12-08 00:00:00,NONE,159,0,3.02,9,0.48,5.66,0.0,0.0,0.05,Nacoes Shopping,NS
2025-12-08 00:00:00,MALE,13926,0,3.16,425,44.05,3.05,0.0,0.0,0.1,Nacoes Shopping,NS
2025-12-08 00:00:00,FEMALE,15304,0,3.59,623,54.91,4.07,0.0,0.0,0.09,Nacoes Shopping,NS
2025-12-09 00:00:00,NONE,181,0,3.15,7,0.57,3.87,0.0,0.0,0.08,Nacoes Shopping,NS
2025-12-09 00:00:00,MALE,15860,0,2.89,457,45.77,2.88,0.0,0.0,0.1,Nacoes Shopping,NS
2025-12-09 00:00:00,FEMALE,14631,0,3.27,563,47.84,3.85,0.0,0.0,0.08,Nacoes Shopping,NS
2025-12-10 00:00:00,NONE,129,0,5.35,13,0.69,10.08,0.0,0.0,0.05,Nacoes Shopping,NS
2025-12-10 00:00:00,MALE,15297,0,2.96,312,45.25,2.04,0.0,0.0,0.15,Nacoes Shopping,NS
2025-12-10 00:00:00,FEMALE,15189,0,3.13,419,47.51,2.76,0.0,0.0,0.11,Nacoes Shopping,NS
2025-12-11 00:00:00,NONE,133,0,3.61,4,0.48,3.01,0.0,0.0,0.12,Nacoes Shopping,NS
2025-12-11 00:00:00,MALE,14184,0,3.13,312,44.45,2.2,0.0,0.0,0.14,Nacoes Shopping,NS
2025-12-11 00:00:00,FEMALE,14498,0,3.42,451,49.56,3.11,0.0,0.0,0.11,Nacoes Shopping,NS
2025-12-12 00:00:00,NONE,136,0,6.84,22,0.93,16.18,0.0,0.0,0.04,Nacoes Shopping,NS
2025-12-12 00:00:00,MALE,13749,0,3.49,520,47.95,3.78,0.0,0.0,0.09,Nacoes Shopping,NS
2025-12-12 00:00:00,FEMALE,15129,0,3.49,716,52.85,4.73,0.0,0.0,0.07,Nacoes Shopping,NS
2025-12-13 00:00:00,NONE,161,0,2.3,2,0.37,1.24,0.0,0.0,0.19,Nacoes Shopping,NS
2025-12-13 00:00:00,MALE,14249,0,3.12,413,44.47,2.9,0.0,0.0,0.11,Nacoes Shopping,NS
2025-12-13 00:00:00,FEMALE,15569,0,3.06,522,47.7,3.35,0.0,0.0,0.09,Nacoes Shopping,NS
2025-12-14 00:00:00,NONE,162,0,4.26,9,0.69,5.56,0.0,0.0,0.08,Nacoes Shopping,NS
2025-12-14 00:00:00,MALE,14979,0,3.01,541,45.11,3.61,0.0,0.0,0.08,Nacoes Shopping,NS
2025-12-14 00:00:00,FEMALE,15442,0,3.03,592,46.77,3.83,0.0,0.0,0.08,Nacoes Shopping,NS
2025-12-15 00:00:00,NONE,145,0,3.59,2,0.52,1.38,0.0,0.0,0.26,Nacoes Shopping,NS
2025-12-15 00:00:00,MALE,15079,0,2.75,449,41.51,2.98,0.0,0.0,0.09,Nacoes Shopping,NS
2025-12-15 00:00:00,FEMALE,15197,0,3.03,513,46.03,3.38,0.0,0.0,0.09,Nacoes Shopping,NS
2025-12-16 00:00:00,NONE,85,0,3.41,2,0.29,2.35,0.0,0.0,0.15,Nacoes Shopping,NS
2025-12-16 00:00:00,MALE,13532,0,2.75,320,37.19,2.36,0.0,0.0,0.12,Nacoes Shopping,NS
2025-12-16 00:00:00,FEMALE,14761,0,3.22,708,47.46,4.8,0.0,0.0,0.07,Nacoes Shopping,NS
2025-12-17 00:00:00,NONE,102,0,5.29,5,0.54,4.9,0.0,0.0,0.11,Nacoes Shopping,NS
2025-12-17 00:00:00,MALE,13634,0,2.8,316,38.2,2.32,0.0,0.0,0.12,Nacoes Shopping,NS
2025-12-17 00:00:00,FEMALE,14404,0,3.11,518,44.74,3.6,0.0,0.0,0.09,Nacoes Shopping,NS
2025-12-18 00:00:00,NONE,135,0,6.52,23,0.88,17.04,0.0,0.0,0.04,Nacoes Shopping,NS
2025-12-18 00:00:00,MALE,12137,0,3.11,330,37.7,2.72,0.0,0.0,0.11,Nacoes Shopping,NS
2025-12-18 00:00:00,FEMALE,12738,0,3.26,485,41.56,3.81,0.0,0.0,0.09,Nacoes Shopping,NS
2025-12-19 00:00:00,NONE,117,0,3.42,4,0.4,3.42,0.0,0.0,0.1,Nacoes Shopping,NS
2025-12-19 00:00:00,MALE,12515,0,3.18,470,39.82,3.76,0.0,0.0,0.08,Nacoes Shopping,NS
2025-12-19 00:00:00,FEMALE,13099,0,3.27,522,42.81,3.99,0.0,0.0,0.08,Nacoes Shopping,NS
2025-12-20 00:00:00,NONE,120,0,3.25,4,0.39,3.33,0.0,0.0,0.1,Nacoes Shopping,NS
2025-12-20 00:00:00,MALE,12846,0,3.29,434,42.21,3.38,0.0,0.0,0.1,Nacoes Shopping,NS
2025-12-20 00:00:00,FEMALE,12138,0,3.3,420,40.04,3.46,0.0,0.0,0.1,Nacoes Shopping,NS
2025-12-21 00:00:00,NONE,142,0,3.38,4,0.48,2.82,0.0,0.0,0.12,Nacoes Shopping,NS
2025-12-21 00:00:00,MALE,14100,0,2.86,367,40.39,2.6,0.0,0.0,0.11,Nacoes Shopping,NS
2025-12-21 00:00:00,FEMALE,13749,0,3.03,428,41.7,3.11,0.0,0.0,0.1,Nacoes Shopping,NS
2025-12-22 00:00:00,NONE,88,0,3.64,0,0.32,0.0,0.0,0.0,0.0,Nacoes Shopping,NS
2025-12-22 00:00:00,MALE,14340,0,2.92,526,41.82,3.67,0.0,0.0,0.08,Nacoes Shopping,NS
2025-12-22 00:00:00,FEMALE,12498,0,3.17,450,39.6,3.6,0.0,0.0,0.09,Nacoes Shopping,NS
2025-12-23 00:00:00,NONE,135,0,3.26,2,0.44,1.48,0.0,0.0,0.22,Nacoes Shopping,NS
2025-12-23 00:00:00,MALE,13466,0,3.18,437,42.81,3.25,0.0,0.0,0.1,Nacoes Shopping,NS
2025-12-23 00:00:00,FEMALE,12274,0,3.15,340,38.63,2.77,0.0,0.0,0.11,Nacoes Shopping,NS
2025-12-24 00:00:00,NONE,160,0,3.5,8,0.56,5.0,0.0,0.0,0.07,Nacoes Shopping,NS
2025-12-24 00:00:00,MALE,16548,0,2.41,393,39.84,2.37,0.0,0.0,0.1,Nacoes Shopping,NS
2025-12-24 00:00:00,FEMALE,13732,0,2.88,465,39.55,3.39,0.0,0.0,0.09,Nacoes Shopping,NS
2025-12-25 00:00:00,NONE,154,0,3.18,9,0.49,5.84,0.0,0.0,0.05,Nacoes Shopping,NS
2025-12-25 00:00:00,MALE,14611,0,2.4,396,35.13,2.71,0.0,0.0,0.09,Nacoes Shopping,NS
2025-12-25 00:00:00,FEMALE,15835,0,2.74,657,43.37,4.15,0.0,0.0,0.07,Nacoes Shopping,NS
2025-12-26 00:00:00,NONE,221,0,4.71,32,1.04,14.48,0.0,0.0,0.03,Nacoes Shopping,NS
2025-12-26 00:00:00,MALE,14484,0,2.41,449,34.93,3.1,0.0,0.0,0.08,Nacoes Shopping,NS
2025-12-26 00:00:00,FEMALE,16025,0,2.42,527,38.85,3.29,0.0,0.0,0.07,Nacoes Shopping,NS
2025-12-27 00:00:00,NONE,232,0,4.09,25,0.95,10.78,0.0,0.0,0.04,Nacoes Shopping,NS
2025-12-27 00:00:00,MALE,15603,0,2.47,594,38.61,3.81,0.0,0.0,0.07,Nacoes Shopping,NS
2025-12-27 00:00:00,FEMALE,17738,0,2.59,812,45.96,4.58,0.0,0.0,0.06,Nacoes Shopping,NS
2025-12-28 00:00:00,NONE,163,0,2.7,7,0.44,4.29,0.0,0.0,0.06,Nacoes Shopping,NS
2025-12-28 00:00:00,MALE,14943,0,2.46,616,36.81,4.12,0.0,0.0,0.06,Nacoes Shopping,NS
2025-12-28 00:00:00,FEMALE,16992,0,2.7,904,45.84,5.32,0.0,0.0,0.05,Nacoes Shopping,NS
2025-12-29 00:00:00,NONE,196,0,3.27,14,0.64,7.14,0.0,0.0,0.05,Nacoes Shopping,NS
2025-12-29 00:00:00,MALE,15604,0,2.21,574,34.49,3.68,0.0,0.0,0.06,Nacoes Shopping,NS
2025-12-29 00:00:00,FEMALE,17776,0,2.49,991,44.24,5.57,0.0,0.0,0.04,Nacoes Shopping,NS
2025-12-30 00:00:00,NONE,231,0,2.73,12,0.63,5.19,0.0,0.0,0.05,Nacoes Shopping,NS
2025-12-30 00:00:00,MALE,13291,0,2.32,571,30.84,4.3,0.0,0.0,0.05,Nacoes Shopping,NS
2025-12-30 00:00:00,FEMALE,15899,0,2.65,1051,42.16,6.61,0.0,0.0,0.04,Nacoes Shopping,NS
2025-12-31 00:00:00,NONE,132,0,2.58,3,0.34,2.27,0.0,0.0,0.11,Nacoes Shopping,NS
2025-12-31 00:00:00,MALE,10139,0,2.27,458,23.05,4.52,0.0,0.0,0.05,Nacoes Shopping,NS
2025-12-31 00:00:00,FEMALE,11383,0,2.36,633,26.87,5.56,0.0,0.0,0.04,Nacoes Shopping,NS
2026-01-01 00:00:00,NONE,7,0,0.0,0,0.0,0.0,0.0,0.0,0.0,Nacoes Shopping,NS
2026-01-01 00:00:00,MALE,28,0,0.0,0,0.0,0.0,0.0,0.0,0.0,Nacoes Shopping,NS
2026-01-01 00:00:00,FEMALE,19,0,0.0,4,0.0,21.05,0.0,0.0,0.0,Nacoes Shopping,NS
2026-01-02 00:00:00,NONE,4,0,0.0,1,0.0,25.0,0.0,0.0,0.0,Nacoes Shopping,NS
2026-01-02 00:00:00,MALE,0,0,0.0,0,0.0,0.0,0.0,0.0,0.0,Nacoes Shopping,NS
2026-01-02 00:00:00,FEMALE,1,0,0.0,1,0.0,100.0,0.0,0.0,0.0,Nacoes Shopping,NS
2026-01-03 00:00:00,NONE,2,0,0.0,0,0.0,0.0,0.0,0.0,0.0,Nacoes Shopping,NS
2026-01-03 00:00:00,MALE,0,0,0.0,0,0.0,0.0,0.0,0.0,0.0,Nacoes Shopping,NS
2026-01-03 00:00:00,FEMALE,1,0,0.0,0,0.0,0.0,0.0,0.0,0.0,Nacoes Shopping,NS
2026-01-04 00:00:00,NONE,4,0,0.0,0,0.0,0.0,0.0,0.0,0.0,Nacoes Shopping,NS
2026-01-04 00:00:00,MALE,2,0,0.0,0,0.0,0.0,0.0,0.0,0.0,Nacoes Shopping,NS
2026-01-04 00:00:00,FEMALE,0,0,0.0,0,0.0,0.0,0.0,0.0,0.0,Nacoes Shopping,NS
2026-01-05 00:00:00,NONE,7,0,0.0,0,0.0,0.0,0.0,0.0,0.0,Nacoes Shopping,NS
2026-01-05 00:00:00,MALE,0,0,0.0,0,0.0,0.0,0.0,0.0,0.0,Nacoes Shopping,NS
2026-01-05 00:00:00,FEMALE,1,0,0.0,1,0.0,100.0,0.0,0.0,0.0,Nacoes Shopping,NS
2026-01-06 00:00:00,NONE,0,0,0.0,0,0.0,0.0,0.0,0.0,0.0,Nacoes Shopping,NS
2026-01-06 00:00:00,MALE,0,0,0.0,0,0.0,0.0,0.0,0.0,0.0,Nacoes Shopping,NS
2026-01-06 00:00:00,FEMALE,0,0,0.0,0,0.0,0.0,0.0,0.0,0.0,Nacoes Shopping,NS
2026-01-07 00:00:00,NONE,0,0,0.0,0,0.0,0.0,0.0,0.0,0.0,Nacoes Shopping,NS
2026-01-07 00:00:00,MALE,0,0,0.0,0,0.0,0.0,0.0,0.0,0.0,Nacoes Shopping,NS
2026-01-07 00:00:00,FEMALE,2,0,0.0,0,0.0,0.0,0.0,0.0,0.0,Nacoes Shopping,NS
2026-01-08 00:00:00,NONE,0,0,0.0,0,0.0,0.0,0.0,0.0,0.0,Nacoes Shopping,NS
2026-01-08 00:00:00,MALE,0,0,0.0,0,0.0,0.0,0.0,0.0,0.0,Nacoes Shopping,NS
2026-01-09 00:00:00,NONE,0,0,0.0,0,0.0,0.0,0.0,0.0,0.0,Nacoes Shopping,NS
2026-01-10 00:00:00,NONE,0,0,0.0,0,0.0,0.0,0.0,0.0,0.0,Nacoes Shopping,NS
2026-01-10 00:00:00,FEMALE,0,0,0.0,0,0.0,0.0,0.0,0.0,0.0,Nacoes Shopping,NS
2026-01-11 00:00:00,NONE,0,0,0.0,0,0.0,0.0,0.0,0.0,0.0,Nacoes Shopping,NS
2026-01-11 00:00:00,MALE,0,0,0.0,0,0.0,0.0,0.0,0.0,0.0,Nacoes Shopping,NS
2026-01-11 00:00:00,FEMALE,0,0,0.0,0,0.0,0.0,0.0,0.0,0.0,Nacoes Shopping,NS
2026-01-12 00:00:00,MALE,0,0,0.0,0,0.0,0.0,0.0,0.0,0.0,Nacoes Shopping,NS
2026-01-12 00:00:00,FEMALE,0,0,0.0,0,0.0,0.0,0.0,0.0,0.0,Nacoes Shopping,NS
2026-01-13 00:00:00,NONE,0,0,0.0,0,0.0,0.0,0.0,0.0,0.0,Nacoes Shopping,NS
2026-01-13 00:00:00,MALE,0,0,0.0,0,0.0,0.0,0.0,0.0,0.0,Nacoes Shopping,NS
2026-01-14 00:00:00,NONE,14,0,2.86,0,0.04,0.0,0.0,0.0,0.0,Nacoes Shopping,NS
2026-01-14 00:00:00,MALE,3921,0,1.21,0,4.75,0.0,0.0,0.0,0.0,Nacoes Shopping,NS
2026-01-14 00:00:00,FEMALE,5478,0,1.31,0,7.19,0.0,0.0,0.0,0.0,Nacoes Shopping,NS
2026-01-15 00:00:00,NONE,51,0,1.76,0,0.09,0.0,0.0,0.0,0.0,Nacoes Shopping,NS
2026-01-15 00:00:00,MALE,9697,0,1.53,0,14.82,0.0,0.0,0.0,0.0,Nacoes Shopping,NS
2026-01-15 00:00:00,FEMALE,11746,0,1.68,0,19.74,0.0,0.0,0.0,0.0,Nacoes Shopping,NS
2026-01-16 00:00:00,NONE,39,0,0.77,0,0.03,0.0,0.0,0.0,0.0,Nacoes Shopping,NS
2026-01-16 00:00:00,MALE,9244,0,1.61,0,14.89,0.0,0.0,0.0,0.0,Nacoes Shopping,NS
2026-01-16 00:00:00,FEMALE,11104,0,1.69,0,18.74,0.0,0.0,0.0,0.0,Nacoes Shopping,NS
2026-01-17 00:00:00,NONE,61,0,3.28,0,0.2,0.0,0.0,0.0,0.0,Nacoes Shopping,NS
2026-01-17 00:00:00,MALE,9369,0,1.64,0,15.4,0.0,0.0,0.0,0.0,Nacoes Shopping,NS
2026-01-17 00:00:00,FEMALE,11122,0,1.64,0,18.2,0.0,0.0,0.0,0.0,Nacoes Shopping,NS
2026-01-18 00:00:00,NONE,47,0,1.28,0,0.06,0.0,0.0,0.0,0.0,Nacoes Shopping,NS
2026-01-18 00:00:00,MALE,9290,0,1.64,0,15.23,0.0,0.0,0.0,0.0,Nacoes Shopping,NS
2026-01-18 00:00:00,FEMALE,10928,0,1.66,0,18.17,0.0,0.0,0.0,0.0,Nacoes Shopping,NS
2026-01-19 00:00:00,NONE,32,0,1.56,0,0.05,0.0,0.0,0.0,0.0,Nacoes Shopping,NS
2026-01-19 00:00:00,MALE,7940,0,1.78,0,14.11,0.0,0.0,0.0,0.0,Nacoes Shopping,NS
2026-01-19 00:00:00,FEMALE,9328,0,1.86,0,17.31,0.0,0.0,0.0,0.0,Nacoes Shopping,NS
2026-01-20 00:00:00,NONE,39,0,1.79,0,0.07,0.0,0.0,0.0,0.0,Nacoes Shopping,NS
2026-01-20 00:00:00,MALE,6765,0,1.99,0,13.48,0.0,0.0,0.0,0.0,Nacoes Shopping,NS
2026-01-20 00:00:00,FEMALE,8336,0,2.04,0,17.04,0.0,0.0,0.0,0.0,Nacoes Shopping,NS
2026-01-21 00:00:00,NONE,24,0,0.83,0,0.02,0.0,0.0,0.0,0.0,Nacoes Shopping,NS
2026-01-21 00:00:00,MALE,8115,0,1.78,0,14.41,0.0,0.0,0.0,0.0,Nacoes Shopping,NS
2026-01-21 00:00:00,FEMALE,10899,0,1.77,0,19.31,0.0,0.0,0.0,0.0,Nacoes Shopping,NS
2026-01-22 00:00:00,NONE,27,0,2.22,0,0.06,0.0,0.0,0.0,0.0,Nacoes Shopping,NS
2026-01-22 00:00:00,MALE,8645,0,1.6,0,13.87,0.0,0.0,0.0,0.0,Nacoes Shopping,NS
2026-01-22 00:00:00,FEMALE,10921,0,1.61,0,17.56,0.0,0.0,0.0,0.0,Nacoes Shopping,NS
2026-01-23 00:00:00,NONE,30,0,2.0,0,0.06,0.0,0.0,0.0,0.0,Nacoes Shopping,NS
2026-01-23 00:00:00,MALE,8088,0,1.65,0,13.36,0.0,0.0,0.0,0.0,Nacoes Shopping,NS
2026-01-23 00:00:00,FEMALE,10156,0,1.67,0,16.98,0.0,0.0,0.0,0.0,Nacoes Shopping,NS
2026-01-24 00:00:00,NONE,38,0,1.84,0,0.07,0.0,0.0,0.0,0.0,Nacoes Shopping,NS
2026-01-24 00:00:00,MALE,8155,0,1.81,0,14.72,0.0,0.0,0.0,0.0,Nacoes Shopping,NS
2026-01-24 00:00:00,FEMALE,9538,0,1.68,0,15.99,0.0,0.0,0.0,0.0,Nacoes Shopping,NS
2026-01-25 00:00:00,NONE,37,0,2.16,0,0.08,0.0,0.0,0.0,0.0,Nacoes Shopping,NS
2026-01-25 00:00:00,MALE,8718,0,1.6,0,13.95,0.0,0.0,0.0,0.0,Nacoes Shopping,NS
2026-01-25 00:00:00,FEMALE,9489,0,1.55,0,14.69,0.0,0.0,0.0,0.0,Nacoes Shopping,NS
2026-01-26 00:00:00,NONE,24,0,3.33,0,0.08,0.0,0.0,0.0,0.0,Nacoes Shopping,NS
2026-01-26 00:00:00,MALE,7079,0,1.9,0,13.48,0.0,0.0,0.0,0.0,Nacoes Shopping,NS
2026-01-26 00:00:00,FEMALE,7585,0,1.96,0,14.9,0.0,0.0,0.0,0.0,Nacoes Shopping,NS
2026-01-27 00:00:00,NONE,48,0,0.63,0,0.03,0.0,0.0,0.0,0.0,Nacoes Shopping,NS
2026-01-27 00:00:00,MALE,6633,0,1.74,0,11.54,0.0,0.0,0.0,0.0,Nacoes Shopping,NS
2026-01-27 00:00:00,FEMALE,8188,0,1.81,0,14.84,0.0,0.0,0.0,0.0,Nacoes Shopping,NS
2026-01-28 00:00:00,NONE,67,0,1.79,0,0.12,0.0,0.0,0.0,0.0,Nacoes Shopping,NS
2026-01-28 00:00:00,MALE,8591,0,1.54,0,13.23,0.0,0.0,0.0,0.0,Nacoes Shopping,NS
2026-01-28 00:00:00,FEMALE,10825,0,1.55,0,16.83,0.0,0.0,0.0,0.0,Nacoes Shopping,NS
2026-01-29 00:00:00,NONE,117,0,2.05,0,0.24,0.0,0.0,0.0,0.0,Nacoes Shopping,NS
2026-01-29 00:00:00,MALE,14109,0,1.61,0,22.77,0.0,0.0,0.0,0.0,Nacoes Shopping,NS
2026-01-29 00:00:00,FEMALE,17254,0,1.68,0,29.06,0.0,0.0,0.0,0.0,Nacoes Shopping,NS
2026-01-30 00:00:00,NONE,115,0,1.74,0,0.2,0.0,0.0,0.0,0.0,Nacoes Shopping,NS
2026-01-30 00:00:00,MALE,24957,0,1.77,0,44.28,0.0,0.0,0.0,0.0,Nacoes Shopping,NS
2026-01-30 00:00:00,FEMALE,27308,0,1.93,0,52.8,0.0,0.0,0.0,0.0,Nacoes Shopping,NS
2026-01-31 00:00:00,NONE,116,0,1.72,0,0.2,0.0,0.0,0.0,0.0,Nacoes Shopping,NS
2026-01-31 00:00:00,MALE,22561,0,1.9,0,42.79,0.0,0.0,0.0,0.0,Nacoes Shopping,NS
2026-01-31 00:00:00,FEMALE,25092,0,1.95,0,49.04,0.0,0.0,0.0,0.0,Nacoes Shopping,NS
2026-02-01 00:00:00,NONE,165,0,1.7,0,0.28,0.0,0.0,0.0,0.0,Nacoes Shopping,NS
2026-02-01 00:00:00,MALE,23196,0,1.73,0,40.21,0.0,0.0,0.0,0.0,Nacoes Shopping,NS
2026-02-01 00:00:00,FEMALE,26834,0,1.65,0,44.31,0.0,0.0,0.0,0.0,Nacoes Shopping,NS
2026-02-02 00:00:00,NONE,198,0,1.52,0,0.3,0.0,0.0,0.0,0.0,Nacoes Shopping,NS
2026-02-02 00:00:00,MALE,20463,0,1.78,0,36.51,0.0,0.0,0.0,0.0,Nacoes Shopping,NS
2026-02-02 00:00:00,FEMALE,24593,0,1.86,0,45.73,0.0,0.0,0.0,0.0,Nacoes Shopping,NS
2026-02-03 00:00:00,NONE,157,0,1.78,0,0.28,0.0,0.0,0.0,0.0,Nacoes Shopping,NS
2026-02-03 00:00:00,MALE,18411,0,2.0,0,36.8,0.0,0.0,0.0,0.0,Nacoes Shopping,NS
2026-02-03 00:00:00,FEMALE,22081,0,2.04,0,44.95,0.0,0.0,0.0,0.0,Nacoes Shopping,NS
2026-02-04 00:00:00,NONE,136,0,2.21,0,0.3,0.0,0.0,0.0,0.0,Nacoes Shopping,NS
2026-02-04 00:00:00,MALE,18739,0,2.06,0,38.6,0.0,0.0,0.0,0.0,Nacoes Shopping,NS
2026-02-04 00:00:00,FEMALE,20460,0,2.09,0,42.79,0.0,0.0,0.0,0.0,Nacoes Shopping,NS
2026-02-05 00:00:00,NONE,105,0,1.62,0,0.17,0.0,0.0,0.0,0.0,Nacoes Shopping,NS
2026-02-05 00:00:00,MALE,19370,0,2.0,0,38.83,0.0,0.0,0.0,0.0,Nacoes Shopping,NS
2026-02-05 00:00:00,FEMALE,22609,0,1.95,0,44.04,0.0,0.0,0.0,0.0,Nacoes Shopping,NS
2026-02-06 00:00:00,NONE,120,0,1.67,0,0.2,0.0,0.0,0.0,0.0,Nacoes Shopping,NS
2026-02-06 00:00:00,MALE,20507,0,1.79,0,36.61,0.0,0.0,0.0,0.0,Nacoes Shopping,NS
2026-02-06 00:00:00,FEMALE,23056,0,1.84,0,42.51,0.0,0.0,0.0,0.0,Nacoes Shopping,NS
2026-02-07 00:00:00,NONE,93,0,1.4,0,0.13,0.0,0.0,0.0,0.0,Nacoes Shopping,NS
2026-02-07 00:00:00,MALE,15754,0,2.0,0,31.5,0.0,0.0,0.0,0.0,Nacoes Shopping,NS
2026-02-07 00:00:00,FEMALE,17081,0,1.87,0,31.94,0.0,0.0,0.0,0.0,Nacoes Shopping,NS
2026-02-08 00:00:00,NONE,51,0,0.78,0,0.04,0.0,0.0,0.0,0.0,Nacoes Shopping,NS
2026-02-08 00:00:00,MALE,8131,0,1.89,0,15.35,0.0,0.0,0.0,0.0,Nacoes Shopping,NS
2026-02-08 00:00:00,FEMALE,8760,0,1.83,0,16.04,0.0,0.0,0.0,0.0,Nacoes Shopping,NS
2026-02-09 00:00:00,NONE,38,0,2.37,0,0.09,0.0,0.0,0.0,0.0,Nacoes Shopping,NS
2026-02-09 00:00:00,MALE,4446,0,2.07,0,9.21,0.0,0.0,0.0,0.0,Nacoes Shopping,NS
2026-02-09 00:00:00,FEMALE,4625,0,1.98,0,9.15,0.0,0.0,0.0,0.0,Nacoes Shopping,NS
2026-02-10 00:00:00,NONE,32,0,1.56,0,0.05,0.0,0.0,0.0,0.0,Nacoes Shopping,NS
2026-02-10 00:00:00,MALE,5667,0,1.64,0,9.27,0.0,0.0,0.0,0.0,Nacoes Shopping,NS
2026-02-10 00:00:00,FEMALE,6201,0,1.65,0,10.26,0.0,0.0,0.0,0.0,Nacoes Shopping,NS
2026-02-11 00:00:00,NONE,33,0,1.52,0,0.05,0.0,0.0,0.0,0.0,Nacoes Shopping,NS
2026-02-11 00:00:00,MALE,5786,0,1.44,0,8.33,0.0,0.0,0.0,0.0,Nacoes Shopping,NS
2026-02-11 00:00:00,FEMALE,6369,0,1.58,0,10.06,0.0,0.0,0.0,0.0,Nacoes Shopping,NS
2026-02-12 00:00:00,NONE,27,0,1.48,0,0.04,0.0,0.0,0.0,0.0,Nacoes Shopping,NS
2026-02-12 00:00:00,MALE,5411,0,1.51,0,8.16,0.0,0.0,0.0,0.0,Nacoes Shopping,NS
2026-02-12 00:00:00,FEMALE,5848,0,1.68,0,9.8,0.0,0.0,0.0,0.0,Nacoes Shopping,NS
2026-02-13 00:00:00,NONE,40,0,2.5,0,0.1,0.0,0.0,0.0,0.0,Nacoes Shopping,NS
2026-02-13 00:00:00,MALE,5088,0,1.66,0,8.44,0.0,0.0,0.0,0.0,Nacoes Shopping,NS
2026-02-13 00:00:00,FEMALE,5523,0,1.73,0,9.58,0.0,0.0,0.0,0.0,Nacoes Shopping,NS
2026-02-14 00:00:00,NONE,41,0,1.71,0,0.07,0.0,0.0,0.0,0.0,Nacoes Shopping,NS
2026-02-14 00:00:00,MALE,4831,0,1.65,0,7.96,0.0,0.0,0.0,0.0,Nacoes Shopping,NS
2026-02-14 00:00:00,FEMALE,5399,0,1.85,0,10.01,0.0,0.0,0.0,0.0,Nacoes Shopping,NS
2026-02-15 00:00:00,NONE,48,0,2.08,0,0.1,0.0,0.0,0.0,0.0,Nacoes Shopping,NS
2026-02-15 00:00:00,MALE,4236,0,1.89,0,8.0,0.0,0.0,0.0,0.0,Nacoes Shopping,NS
2026-02-15 00:00:00,FEMALE,4684,0,1.88,0,8.8,0.0,0.0,0.0,0.0,Nacoes Shopping,NS
2026-02-16 00:00:00,NONE,51,0,1.18,0,0.06,0.0,0.0,0.0,0.0,Nacoes Shopping,NS
2026-02-16 00:00:00,MALE,4059,0,1.96,0,7.95,0.0,0.0,0.0,0.0,Nacoes Shopping,NS
2026-02-16 00:00:00,FEMALE,4488,0,1.84,0,8.26,0.0,0.0,0.0,0.0,Nacoes Shopping,NS
2026-02-17 00:00:00,NONE,39,0,2.31,0,0.09,0.0,0.0,0.0,0.0,Nacoes Shopping,NS
2026-02-17 00:00:00,MALE,5463,0,1.49,0,8.16,0.0,0.0,0.0,0.0,Nacoes Shopping,NS
2026-02-17 00:00:00,FEMALE,6032,0,1.49,0,8.99,0.0,0.0,0.0,0.0,Nacoes Shopping,NS
2026-02-18 00:00:00,NONE,24,0,1.67,0,0.04,0.0,0.0,0.0,0.0,Nacoes Shopping,NS
2026-02-18 00:00:00,MALE,5465,0,1.29,0,7.06,0.0,0.0,0.0,0.0,Nacoes Shopping,NS
2026-02-18 00:00:00,FEMALE,5928,0,1.47,0,8.74,0.0,0.0,0.0,0.0,Nacoes Shopping,NS
2026-02-19 00:00:00,NONE,23,0,1.74,0,0.04,0.0,0.0,0.0,0.0,Nacoes Shopping,NS
2026-02-19 00:00:00,MALE,4934,0,1.44,0,7.12,0.0,0.0,0.0,0.0,Nacoes Shopping,NS
2026-02-19 00:00:00,FEMALE,5202,0,1.61,0,8.38,0.0,0.0,0.0,0.0,Nacoes Shopping,NS
2026-02-20 00:00:00,NONE,26,0,1.15,0,0.03,0.0,0.0,0.0,0.0,Nacoes Shopping,NS
2026-02-20 00:00:00,MALE,4327,0,1.55,0,6.72,0.0,0.0,0.0,0.0,Nacoes Shopping,NS
2026-02-20 00:00:00,FEMALE,4628,0,1.82,0,8.4,0.0,0.0,0.0,0.0,Nacoes Shopping,NS
2026-02-21 00:00:00,NONE,23,0,0.43,0,0.01,0.0,0.0,0.0,0.0,Nacoes Shopping,NS
2026-02-21 00:00:00,MALE,3968,0,1.66,0,6.57,0.0,0.0,0.0,0.0,Nacoes Shopping,NS
2026-02-21 00:00:00,FEMALE,4488,0,1.79,0,8.03,0.0,0.0,0.0,0.0,Nacoes Shopping,NS
2026-02-22 00:00:00,NONE,26,0,1.92,0,0.05,0.0,0.0,0.0,0.0,Nacoes Shopping,NS
2026-02-22 00:00:00,MALE,3639,0,1.76,0,6.39,0.0,0.0,0.0,0.0,Nacoes Shopping,NS
2026-02-22 00:00:00,FEMALE,4034,0,1.69,0,6.81,0.0,0.0,0.0,0.0,Nacoes Shopping,NS
2026-02-23 00:00:00,NONE,25,0,1.2,0,0.03,0.0,0.0,0.0,0.0,Nacoes Shopping,NS
2026-02-23 00:00:00,MALE,2684,0,2.0,0,5.37,0.0,0.0,0.0,0.0,Nacoes Shopping,NS
2026-02-23 00:00:00,FEMALE,2941,0,2.26,0,6.64,0.0,0.0,0.0,0.0,Nacoes Shopping,NS
2026-02-24 00:00:00,NONE,28,0,1.79,0,0.05,0.0,0.0,0.0,0.0,Nacoes Shopping,NS
2026-02-24 00:00:00,MALE,3519,0,1.65,0,5.81,0.0,0.0,0.0,0.0,Nacoes Shopping,NS
2026-02-24 00:00:00,FEMALE,3322,0,1.66,0,5.52,0.0,0.0,0.0,0.0,Nacoes Shopping,NS
2026-02-25 00:00:00,NONE,7,0,1.43,0,0.01,0.0,0.0,0.0,0.0,Nacoes Shopping,NS
2026-02-25 00:00:00,MALE,1042,0,1.56,0,1.63,0.0,0.0,0.0,0.0,Nacoes Shopping,NS
2026-02-25 00:00:00,FEMALE,995,0,1.62,0,1.61,0.0,0.0,0.0,0.0,Nacoes Shopping,NS
2026-02-27 00:00:00,NONE,0,0,0.0,0,0.0,0.0,0.0,0.0,0.0,Nacoes Shopping,NS
2026-02-27 00:00:00,MALE,0,0,0.0,0,0.0,0.0,0.0,0.0,0.0,Nacoes Shopping,NS
2026-03-02 00:00:00,NONE,0,0,0.0,0,0.0,0.0,0.0,0.0,0.0,Nacoes Shopping,NS
2026-03-03 00:00:00,NONE,0,0,0.0,0,0.0,0.0,0.0,0.0,0.0,Nacoes Shopping,NS
2026-03-04 00:00:00,MALE,0,0,0.0,0,0.0,0.0,0.0,0.0,0.0,Nacoes Shopping,NS
2026-03-05 00:00:00,FEMALE,0,0,0.0,0,0.0,0.0,0.0,0.0,0.0,Nacoes Shopping,NS
2026-03-06 00:00:00,NONE,0,0,0.0,0,0.0,0.0,0.0,0.0,0.0,Nacoes Shopping,NS
2026-03-06 00:00:00,FEMALE,0,0,0.0,0,0.0,0.0,0.0,0.0,0.0,Nacoes Shopping,NS
2026-03-09 00:00:00,NONE,0,0,0.0,0,0.0,0.0,0.0,0.0,0.0,Nacoes Shopping,NS
2026-03-12 00:00:00,NONE,0,0,0.0,0,0.0,0.0,0.0,0.0,0.0,Nacoes Shopping,NS
