stat_time_day,platform,ctr,clicks,conversion_rate,cost_per_conversion,cpc,spend,impressions,conversion,cpm,shopping,shopping_sigla
2025-03-12 00:00:00,ANDROID,0.0,0,0.0,0.0,0.0,32.29,18258,0,1.77,Nacoes Shopping,NS
2025-03-12 00:00:00,IPHONE,0.0,0,0.0,0.0,0.0,18.29,9902,0,1.85,Nacoes Shopping,NS
2025-03-12 00:00:00,IPAD,0.0,0,0.0,0.0,0.0,0.05,20,0,2.5,Nacoes Shopping,NS
2025-03-13 00:00:00,ANDROID,0.0,0,0.0,0.0,0.0,35.9,18256,0,1.97,Nacoes Shopping,NS
2025-03-13 00:00:00,IPHONE,0.0,0,0.0,0.0,0.0,18.88,9519,0,1.98,Nacoes Shopping,NS
2025-03-13 00:00:00,IPAD,0.0,0,0.0,0.0,0.0,0.04,22,0,1.82,Nacoes Shopping,NS
2025-03-14 00:00:00,ANDROID,0.0,0,0.0,0.0,0.0,34.77,16265,0,2.14,Nacoes Shopping,NS
2025-03-14 00:00:00,IPHONE,0.0,0,0.0,0.0,0.0,19.67,8794,0,2.24,Nacoes Shopping,NS
2025-03-14 00:00:00,IPAD,0.0,0,0.0,0.0,0.0,0.04,18,0,2.22,Nacoes Shopping,NS
2025-03-15 00:00:00,ANDROID,0.0,0,0.0,0.0,0.0,32.01,14700,0,2.18,Nacoes Shopping,NS
2025-03-15 00:00:00,IPHONE,0.0,0,0.0,0.0,0.0,18.7,8673,0,2.16,Nacoes Shopping,NS
2025-03-15 00:00:00,IPAD,0.0,0,0.0,0.0,0.0,0.05,15,0,3.33,Nacoes Shopping,NS
2025-03-16 00:00:00,UNKNOWN,0.0,0,0.0,0.0,0.0,0.01,0,0,0.0,Nacoes Shopping,NS
2025-03-16 00:00:00,ANDROID,0.0,0,0.0,0.0,0.0,19.83,9885,0,2.01,Nacoes Shopping,NS
2025-03-16 00:00:00,IPHONE,0.0,0,0.0,0.0,0.0,11.86,5948,0,1.99,Nacoes Shopping,NS
2025-03-16 00:00:00,IPAD,0.0,0,0.0,0.0,0.0,0.01,8,0,1.25,Nacoes Shopping,NS
2025-03-17 00:00:00,ANDROID,0.0,0,0.0,0.0,0.0,12.63,6427,0,1.97,Nacoes Shopping,NS
2025-03-17 00:00:00,IPHONE,0.0,0,0.0,0.0,0.0,6.22,3321,0,1.87,Nacoes Shopping,NS
2025-03-17 00:00:00,IPAD,0.0,0,0.0,0.0,0.0,0.01,10,0,1.0,Nacoes Shopping,NS
2025-03-18 00:00:00,ANDROID,0.0,0,0.0,0.0,0.0,11.64,5724,0,2.03,Nacoes Shopping,NS
2025-03-18 00:00:00,IPHONE,0.0,0,0.0,0.0,0.0,6.78,3142,0,2.16,Nacoes Shopping,NS
2025-03-18 00:00:00,IPAD,0.0,0,0.0,0.0,0.0,0.03,16,0,1.88,Nacoes Shopping,NS
2025-03-19 00:00:00,ANDROID,0.04,4,0.0,0.0,6.95,27.8,10358,0,2.68,Nacoes Shopping,NS
2025-03-19 00:00:00,IPHONE,0.03,1,0.0,0.0,10.13,10.13,3957,0,2.56,Nacoes Shopping,NS
2025-03-19 00:00:00,IPAD,0.0,0,0.0,0.0,0.0,0.16,28,0,5.71,Nacoes Shopping,NS
2025-03-20 00:00:00,ANDROID,0.02,2,0.0,0.0,24.96,49.91,12945,0,3.86,Nacoes Shopping,NS
2025-03-20 00:00:00,IPHONE,0.0,0,0.0,0.0,0.0,10.32,3311,0,3.12,Nacoes Shopping,NS
2025-03-20 00:00:00,IPAD,0.0,0,0.0,0.0,0.0,0.1,35,0,2.86,Nacoes Shopping,NS
2025-03-21 00:00:00,ANDROID,0.01,1,0.0,0.0,41.88,41.88,10485,0,3.99,Nacoes Shopping,NS
2025-03-21 00:00:00,IPHONE,0.0,0,0.0,0.0,0.0,17.35,5756,0,3.01,Nacoes Shopping,NS
2025-03-21 00:00:00,IPAD,0.0,0,0.0,0.0,0.0,0.1,36,0,2.78,Nacoes Shopping,NS
2025-03-22 00:00:00,ANDROID,0.03,3,0.0,0.0,14.7,44.11,10301,0,4.28,Nacoes Shopping,NS
2025-03-22 00:00:00,IPHONE,0.0,0,0.0,0.0,0.0,16.7,5132,0,3.25,Nacoes Shopping,NS
2025-03-22 00:00:00,IPAD,0.0,0,0.0,0.0,0.0,0.23,44,0,5.23,Nacoes Shopping,NS
2025-03-23 00:00:00,ANDROID,0.03,3,0.0,0.0,14.51,43.54,10276,0,4.24,Nacoes Shopping,NS
2025-03-23 00:00:00,IPHONE,0.0,0,0.0,0.0,0.0,17.1,5283,0,3.24,Nacoes Shopping,NS
2025-03-23 00:00:00,IPAD,0.0,0,0.0,0.0,0.0,0.06,41,0,1.46,Nacoes Shopping,NS
2025-03-24 00:00:00,ANDROID,0.03,3,0.0,0.0,14.19,42.58,9369,0,4.54,Nacoes Shopping,NS
2025-03-24 00:00:00,IPHONE,0.0,0,0.0,0.0,0.0,14.46,4562,0,3.17,Nacoes Shopping,NS
2025-03-24 00:00:00,IPAD,0.0,0,0.0,0.0,0.0,0.12,26,0,4.62,Nacoes Shopping,NS
2025-03-24 00:00:00,WAP,0.0,0,0.0,0.0,0.0,0.0,0,0,0.0,Nacoes Shopping,NS
2025-03-25 00:00:00,ANDROID,0.0,0,0.0,0.0,0.0,62.91,13701,0,4.59,Nacoes Shopping,NS
2025-03-25 00:00:00,IPHONE,0.0,0,0.0,0.0,0.0,19.57,6647,0,2.94,Nacoes Shopping,NS
2025-03-25 00:00:00,IPAD,0.0,0,0.0,0.0,0.0,0.12,44,0,2.73,Nacoes Shopping,NS
2025-03-25 00:00:00,WAP,0.0,0,0.0,0.0,0.0,0.0,0,0,0.0,Nacoes Shopping,NS
2025-03-26 00:00:00,ANDROID,0.01,1,0.0,0.0,100.98,100.98,17400,0,5.8,Nacoes Shopping,NS
2025-03-26 00:00:00,IPHONE,0.02,1,0.0,0.0,29.78,29.78,6638,0,4.49,Nacoes Shopping,NS
2025-03-26 00:00:00,IPAD,0.0,0,0.0,0.0,0.0,0.13,29,0,4.48,Nacoes Shopping,NS
2025-03-27 00:00:00,ANDROID,0.01,1,0.0,0.0,92.56,92.56,17127,0,5.4,Nacoes Shopping,NS
2025-03-27 00:00:00,IPHONE,0.0,0,0.0,0.0,0.0,25.69,6035,0,4.26,Nacoes Shopping,NS
2025-03-27 00:00:00,IPAD,0.0,0,0.0,0.0,0.0,0.09,23,0,3.91,Nacoes Shopping,NS
2025-03-28 00:00:00,ANDROID,0.0,0,0.0,0.0,0.0,62.96,14768,0,4.26,Nacoes Shopping,NS
2025-03-28 00:00:00,IPHONE,0.0,0,0.0,0.0,0.0,20.67,6560,0,3.15,Nacoes Shopping,NS
2025-03-28 00:00:00,IPAD,0.0,0,0.0,0.0,0.0,0.13,33,0,3.94,Nacoes Shopping,NS
2025-03-29 00:00:00,ANDROID,0.01,1,0.0,0.0,91.03,91.03,18231,0,4.99,Nacoes Shopping,NS
2025-03-29 00:00:00,IPHONE,0.0,0,0.0,0.0,0.0,31.27,8952,0,3.49,Nacoes Shopping,NS
2025-03-29 00:00:00,IPAD,0.0,0,0.0,0.0,0.0,0.1,34,0,2.94,Nacoes Shopping,NS
2025-03-30 00:00:00,ANDROID,0.02,3,0.0,0.0,26.24,78.71,17072,0,4.61,Nacoes Shopping,NS
2025-03-30 00:00:00,IPHONE,0.0,0,0.0,0.0,0.0,29.66,8182,0,3.63,Nacoes Shopping,NS
2025-03-30 00:00:00,IPAD,0.0,0,0.0,0.0,0.0,0.15,45,0,3.33,Nacoes Shopping,NS
2025-03-31 00:00:00,ANDROID,0.0,0,0.0,0.0,0.0,29.02,6446,0,4.5,Nacoes Shopping,NS
2025-03-31 00:00:00,IPHONE,0.0,0,0.0,0.0,0.0,10.83,2850,0,3.8,Nacoes Shopping,NS
2025-03-31 00:00:00,IPAD,0.0,0,0.0,0.0,0.0,0.01,9,0,1.11,Nacoes Shopping,NS
2025-04-01 00:00:00,ANDROID,0.0,0,0.0,0.0,0.0,0.0,0,0,0.0,Nacoes Shopping,NS
2025-04-01 00:00:00,IPHONE,0.0,0,0.0,0.0,0.0,0.0,0,0,0.0,Nacoes Shopping,NS
2025-04-02 00:00:00,ANDROID,0.0,0,0.0,0.0,0.0,2.6,2462,0,1.06,Nacoes Shopping,NS
2025-04-02 00:00:00,IPHONE,0.0,0,0.0,0.0,0.0,1.79,1590,0,1.13,Nacoes Shopping,NS
2025-04-03 00:00:00,ANDROID,0.0,0,0.0,0.0,0.0,7.99,6099,0,1.31,Nacoes Shopping,NS
2025-04-03 00:00:00,IPHONE,0.0,0,0.0,0.0,0.0,4.82,3798,0,1.27,Nacoes Shopping,NS
2025-04-03 00:00:00,IPAD,0.0,0,0.0,0.0,0.0,0.0,6,0,0.0,Nacoes Shopping,NS
2025-04-04 00:00:00,ANDROID,0.0,0,0.0,0.0,0.0,11.76,8177,0,1.44,Nacoes Shopping,NS
2025-04-04 00:00:00,IPHONE,0.0,0,0.0,0.0,0.0,7.38,5041,0,1.46,Nacoes Shopping,NS
2025-04-04 00:00:00,IPAD,0.0,0,0.0,0.0,0.0,0.02,8,0,2.5,Nacoes Shopping,NS
2025-04-05 00:00:00,ANDROID,0.0,0,0.0,0.0,0.0,11.92,8530,0,1.4,Nacoes Shopping,NS
2025-04-05 00:00:00,IPHONE,0.0,0,0.0,0.0,0.0,7.39,5183,0,1.43,Nacoes Shopping,NS
2025-04-05 00:00:00,IPAD,0.0,0,0.0,0.0,0.0,0.03,12,0,2.5,Nacoes Shopping,NS
2025-04-06 00:00:00,ANDROID,0.0,0,0.0,0.0,0.0,11.09,8232,0,1.35,Nacoes Shopping,NS
2025-04-06 00:00:00,IPHONE,0.0,0,0.0,0.0,0.0,8.39,5916,0,1.42,Nacoes Shopping,NS
2025-04-06 00:00:00,IPAD,0.0,0,0.0,0.0,0.0,0.0,3,0,0.0,Nacoes Shopping,NS
2025-04-07 00:00:00,ANDROID,0.0,0,0.0,0.0,0.0,11.56,7627,0,1.52,Nacoes Shopping,NS
2025-04-07 00:00:00,IPHONE,0.0,0,0.0,0.0,0.0,6.86,4503,0,1.52,Nacoes Shopping,NS
2025-04-07 00:00:00,IPAD,0.0,0,0.0,0.0,0.0,0.02,6,0,3.33,Nacoes Shopping,NS
2025-04-08 00:00:00,ANDROID,0.0,0,0.0,0.0,0.0,12.26,7450,0,1.65,Nacoes Shopping,NS
2025-04-08 00:00:00,IPHONE,0.0,0,0.0,0.0,0.0,6.03,3640,0,1.66,Nacoes Shopping,NS
2025-04-08 00:00:00,IPAD,0.0,0,0.0,0.0,0.0,0.0,6,0,0.0,Nacoes Shopping,NS
2025-04-09 00:00:00,ANDROID,0.0,0,0.0,0.0,0.0,12.61,7465,0,1.69,Nacoes Shopping,NS
2025-04-09 00:00:00,IPHONE,0.0,0,0.0,0.0,0.0,5.82,3556,0,1.64,Nacoes Shopping,NS
2025-04-09 00:00:00,IPAD,0.0,0,0.0,0.0,0.0,0.01,8,0,1.25,Nacoes Shopping,NS
2025-04-10 00:00:00,ANDROID,0.0,0,0.0,0.0,0.0,10.5,7338,0,1.43,Nacoes Shopping,NS
2025-04-10 00:00:00,IPHONE,0.0,0,0.0,0.0,0.0,6.61,4113,0,1.61,Nacoes Shopping,NS
2025-04-10 00:00:00,IPAD,0.0,0,0.0,0.0,0.0,0.01,6,0,1.67,Nacoes Shopping,NS
2025-04-11 00:00:00,ANDROID,0.0,0,0.0,0.0,0.0,10.99,7241,0,1.52,Nacoes Shopping,NS
2025-04-11 00:00:00,IPHONE,0.0,0,0.0,0.0,0.0,5.85,4196,0,1.39,Nacoes Shopping,NS
2025-04-11 00:00:00,IPAD,0.0,0,0.0,0.0,0.0,0.0,2,0,0.0,Nacoes Shopping,NS
2025-04-11 00:00:00,WAP,0.0,0,0.0,0.0,0.0,0.0,0,0,0.0,Nacoes Shopping,NS
2025-04-12 00:00:00,ANDROID,0.0,0,0.0,0.0,0.0,10.72,7507,0,1.43,Nacoes Shopping,NS
2025-04-12 00:00:00,IPHONE,0.0,0,0.0,0.0,0.0,6.27,4322,0,1.45,Nacoes Shopping,NS
2025-04-12 00:00:00,IPAD,0.0,0,0.0,0.0,0.0,0.03,15,0,2.0,Nacoes Shopping,NS
2025-04-12 00:00:00,WAP,0.0,0,0.0,0.0,0.0,0.0,0,0,0.0,Nacoes Shopping,NS
2025-04-13 00:00:00,ANDROID,0.0,0,0.0,0.0,0.0,10.46,7252,0,1.44,Nacoes Shopping,NS
2025-04-13 00:00:00,IPHONE,0.0,0,0.0,0.0,0.0,6.28,4517,0,1.39,Nacoes Shopping,NS
2025-04-13 00:00:00,IPAD,0.0,0,0.0,0.0,0.0,0.0,7,0,0.0,Nacoes Shopping,NS
2025-04-14 00:00:00,ANDROID,0.0,0,0.0,0.0,0.0,10.36,6626,0,1.56,Nacoes Shopping,NS
2025-04-14 00:00:00,IPHONE,0.0,0,0.0,0.0,0.0,5.77,3921,0,1.47,Nacoes Shopping,NS
2025-04-14 00:00:00,IPAD,0.0,0,0.0,0.0,0.0,0.01,3,0,3.33,Nacoes Shopping,NS
2025-04-15 00:00:00,ANDROID,0.0,0,0.0,0.0,0.0,10.84,6492,0,1.67,Nacoes Shopping,NS
2025-04-15 00:00:00,IPHONE,0.0,0,0.0,0.0,0.0,5.45,3378,0,1.61,Nacoes Shopping,NS
2025-04-15 00:00:00,IPAD,0.0,0,0.0,0.0,0.0,0.01,10,0,1.0,Nacoes Shopping,NS
2025-04-16 00:00:00,ANDROID,0.0,0,0.0,0.0,0.0,9.91,6201,0,1.6,Nacoes Shopping,NS
2025-04-16 00:00:00,IPHONE,0.0,0,0.0,0.0,0.0,6.73,3918,0,1.72,Nacoes Shopping,NS
2025-04-16 00:00:00,IPAD,0.0,0,0.0,0.0,0.0,0.03,6,0,5.0,Nacoes Shopping,NS
2025-04-17 00:00:00,ANDROID,0.0,0,0.0,0.0,0.0,10.11,6460,0,1.57,Nacoes Shopping,NS
2025-04-17 00:00:00,IPHONE,0.0,0,0.0,0.0,0.0,7.0,4607,0,1.52,Nacoes Shopping,NS
2025-04-17 00:00:00,IPAD,0.0,0,0.0,0.0,0.0,0.02,11,0,1.82,Nacoes Shopping,NS
2025-04-18 00:00:00,ANDROID,0.0,0,0.0,0.0,0.0,9.96,6872,0,1.45,Nacoes Shopping,NS
2025-04-18 00:00:00,IPHONE,0.0,0,0.0,0.0,0.0,6.89,4702,0,1.47,Nacoes Shopping,NS
2025-04-18 00:00:00,IPAD,0.0,0,0.0,0.0,0.0,0.02,10,0,2.0,Nacoes Shopping,NS
2025-04-19 00:00:00,ANDROID,0.0,0,0.0,0.0,0.0,10.1,6603,0,1.53,Nacoes Shopping,NS
2025-04-19 00:00:00,IPHONE,0.0,0,0.0,0.0,0.0,5.95,4430,0,1.34,Nacoes Shopping,NS
2025-04-19 00:00:00,IPAD,0.0,0,0.0,0.0,0.0,0.0,3,0,0.0,Nacoes Shopping,NS
2025-04-20 00:00:00,ANDROID,0.0,0,0.0,0.0,0.0,9.73,6836,0,1.42,Nacoes Shopping,NS
2025-04-20 00:00:00,IPHONE,0.0,0,0.0,0.0,0.0,5.79,4451,0,1.3,Nacoes Shopping,NS
2025-04-20 00:00:00,IPAD,0.0,0,0.0,0.0,0.0,0.0,2,0,0.0,Nacoes Shopping,NS
2025-04-21 00:00:00,ANDROID,0.0,0,0.0,0.0,0.0,8.73,6675,0,1.31,Nacoes Shopping,NS
2025-04-21 00:00:00,IPHONE,0.0,0,0.0,0.0,0.0,6.34,4670,0,1.36,Nacoes Shopping,NS
2025-04-21 00:00:00,IPAD,0.0,0,0.0,0.0,0.0,0.0,2,0,0.0,Nacoes Shopping,NS
2025-04-22 00:00:00,ANDROID,0.0,0,0.0,0.0,0.0,8.8,5855,0,1.5,Nacoes Shopping,NS
2025-04-22 00:00:00,IPHONE,0.0,0,0.0,0.0,0.0,5.92,3825,0,1.55,Nacoes Shopping,NS
2025-04-22 00:00:00,IPAD,0.0,0,0.0,0.0,0.0,0.02,6,0,3.33,Nacoes Shopping,NS
2025-04-23 00:00:00,ANDROID,0.0,0,0.0,0.0,0.0,9.58,5903,0,1.62,Nacoes Shopping,NS
2025-04-23 00:00:00,IPHONE,0.0,0,0.0,0.0,0.0,5.32,3560,0,1.49,Nacoes Shopping,NS
2025-04-23 00:00:00,IPAD,0.0,0,0.0,0.0,0.0,0.0,2,0,0.0,Nacoes Shopping,NS
2025-04-24 00:00:00,ANDROID,0.0,0,0.0,0.0,0.0,8.14,5179,0,1.57,Nacoes Shopping,NS
2025-04-24 00:00:00,IPHONE,0.0,0,0.0,0.0,0.0,5.26,3439,0,1.53,Nacoes Shopping,NS
2025-04-24 00:00:00,IPAD,0.0,0,0.0,0.0,0.0,0.0,2,0,0.0,Nacoes Shopping,NS
2025-04-25 00:00:00,ANDROID,0.0,0,0.0,0.0,0.0,8.33,4881,0,1.71,Nacoes Shopping,NS
2025-04-25 00:00:00,IPHONE,0.0,0,0.0,0.0,0.0,5.1,3062,0,1.67,Nacoes Shopping,NS
2025-04-25 00:00:00,IPAD,0.0,0,0.0,0.0,0.0,0.0,0,0,0.0,Nacoes Shopping,NS
2025-04-26 00:00:00,ANDROID,0.0,0,0.0,0.0,0.0,7.98,5023,0,1.59,Nacoes Shopping,NS
2025-04-26 00:00:00,IPHONE,0.0,0,0.0,0.0,0.0,5.37,3483,0,1.54,Nacoes Shopping,NS
2025-04-27 00:00:00,ANDROID,0.0,0,0.0,0.0,0.0,6.61,4686,0,1.41,Nacoes Shopping,NS
2025-04-27 00:00:00,IPHONE,0.0,0,0.0,0.0,0.0,5.3,3692,0,1.44,Nacoes Shopping,NS
2025-04-27 00:00:00,IPAD,0.0,0,0.0,0.0,0.0,0.01,10,0,1.0,Nacoes Shopping,NS
2025-04-28 00:00:00,ANDROID,0.0,0,0.0,0.0,0.0,6.27,3864,0,1.62,Nacoes Shopping,NS
2025-04-28 00:00:00,IPHONE,0.0,0,0.0,0.0,0.0,4.24,2808,0,1.51,Nacoes Shopping,NS
2025-04-28 00:00:00,IPAD,0.0,0,0.0,0.0,0.0,0.0,5,0,0.0,Nacoes Shopping,NS
2025-04-29 00:00:00,ANDROID,0.41,20,0.0,0.0,0.72,14.35,4909,0,2.92,Nacoes Shopping,NS
2025-04-29 00:00:00,IPHONE,0.18,6,0.0,0.0,0.91,5.44,3412,0,1.59,Nacoes Shopping,NS
2025-04-29 00:00:00,IPAD,0.0,0,0.0,0.0,0.0,0.0,1,0,0.0,Nacoes Shopping,NS
2025-04-30 00:00:00,ANDROID,0.31,16,0.0,0.0,1.14,18.27,5188,0,3.52,Nacoes Shopping,NS
2025-04-30 00:00:00,IPHONE,0.31,6,0.0,0.0,0.85,5.12,1953,0,2.62,Nacoes Shopping,NS
2025-04-30 00:00:00,IPAD,0.0,0,0.0,0.0,0.0,0.0,2,0,0.0,Nacoes Shopping,NS
2025-05-01 00:00:00,UNKNOWN,0.0,0,0.0,0.0,0.0,0.01,0,0,0.0,Nacoes Shopping,NS
2025-05-01 00:00:00,ANDROID,0.25,15,0.0,0.0,1.12,16.75,6018,0,2.78,Nacoes Shopping,NS
2025-05-01 00:00:00,IPHONE,0.55,12,0.0,0.0,0.4,4.85,2179,0,2.23,Nacoes Shopping,NS
2025-05-01 00:00:00,IPAD,0.0,0,0.0,0.0,0.0,0.11,7,0,15.71,Nacoes Shopping,NS
2025-05-02 00:00:00,ANDROID,0.2,13,0.0,0.0,1.19,15.48,6450,0,2.4,Nacoes Shopping,NS
2025-05-02 00:00:00,IPHONE,0.32,14,0.0,0.0,0.45,6.3,4320,0,1.46,Nacoes Shopping,NS
2025-05-02 00:00:00,IPAD,0.0,0,0.0,0.0,0.0,0.0,3,0,0.0,Nacoes Shopping,NS
2025-05-03 00:00:00,ANDROID,0.18,12,0.0,0.0,1.44,17.23,6588,0,2.62,Nacoes Shopping,NS
2025-05-03 00:00:00,IPHONE,0.27,11,0.0,0.0,0.56,6.13,4009,0,1.53,Nacoes Shopping,NS
2025-05-03 00:00:00,IPAD,0.0,0,0.0,0.0,0.0,0.02,7,0,2.86,Nacoes Shopping,NS
2025-05-04 00:00:00,ANDROID,0.34,21,0.0,0.0,0.87,18.26,6227,0,2.93,Nacoes Shopping,NS
2025-05-04 00:00:00,IPHONE,0.51,14,0.0,0.0,0.36,5.07,2741,0,1.85,Nacoes Shopping,NS
2025-05-04 00:00:00,IPAD,0.0,0,0.0,0.0,0.0,0.06,6,0,10.0,Nacoes Shopping,NS
2025-05-05 00:00:00,ANDROID,0.15,9,0.0,0.0,1.76,15.84,5940,0,2.67,Nacoes Shopping,NS
2025-05-05 00:00:00,IPHONE,0.29,10,0.0,0.0,0.57,5.72,3486,0,1.64,Nacoes Shopping,NS
2025-05-05 00:00:00,IPAD,0.0,0,0.0,0.0,0.0,0.01,5,0,2.0,Nacoes Shopping,NS
2025-05-06 00:00:00,ANDROID,0.03,4,0.0,0.0,7.67,30.68,11886,0,2.58,Nacoes Shopping,NS
2025-05-06 00:00:00,IPHONE,0.11,6,0.0,0.0,1.74,10.43,5368,0,1.94,Nacoes Shopping,NS
2025-05-06 00:00:00,IPAD,0.0,0,0.0,0.0,0.0,0.01,6,0,1.67,Nacoes Shopping,NS
2025-05-06 00:00:00,WAP,0.0,0,0.0,0.0,0.0,0.0,0,0,0.0,Nacoes Shopping,NS
2025-05-07 00:00:00,ANDROID,0.0,0,0.0,0.0,0.0,36.63,14101,0,2.6,Nacoes Shopping,NS
2025-05-07 00:00:00,IPHONE,0.0,0,0.0,0.0,0.0,16.75,7328,0,2.29,Nacoes Shopping,NS
2025-05-07 00:00:00,IPAD,0.0,0,0.0,0.0,0.0,0.03,14,0,2.14,Nacoes Shopping,NS
2025-05-08 00:00:00,ANDROID,0.12,30,0.0,0.0,1.85,55.36,25566,0,2.17,Nacoes Shopping,NS
2025-05-08 00:00:00,IPHONE,0.24,47,0.0,0.0,0.84,39.55,19532,0,2.02,Nacoes Shopping,NS
2025-05-08 00:00:00,IPAD,0.0,0,0.0,0.0,0.0,0.07,31,0,2.26,Nacoes Shopping,NS
2025-05-09 00:00:00,ANDROID,0.15,30,0.0,0.0,1.48,44.3,20599,0,2.15,Nacoes Shopping,NS
2025-05-09 00:00:00,IPHONE,0.2,28,0.0,0.0,1.01,28.28,14123,0,2.0,Nacoes Shopping,NS
2025-05-09 00:00:00,IPAD,0.0,0,0.0,0.0,0.0,0.06,24,0,2.5,Nacoes Shopping,NS
2025-05-10 00:00:00,ANDROID,0.16,33,0.0,0.0,1.43,47.08,20386,0,2.31,Nacoes Shopping,NS
2025-05-10 00:00:00,IPHONE,0.18,21,0.0,0.0,1.18,24.73,11869,0,2.08,Nacoes Shopping,NS
2025-05-10 00:00:00,IPAD,0.0,0,0.0,0.0,0.0,0.08,23,0,3.48,Nacoes Shopping,NS
2025-05-11 00:00:00,ANDROID,0.1,21,0.0,0.0,2.25,47.29,20397,0,2.32,Nacoes Shopping,NS
2025-05-11 00:00:00,IPHONE,0.15,18,0.0,0.0,1.41,25.46,11945,0,2.13,Nacoes Shopping,NS
2025-05-11 00:00:00,IPAD,0.0,0,0.0,0.0,0.0,0.1,32,0,3.13,Nacoes Shopping,NS
2025-05-12 00:00:00,ANDROID,0.15,30,0.0,0.0,1.64,49.32,20186,0,2.44,Nacoes Shopping,NS
2025-05-12 00:00:00,IPHONE,0.18,19,0.0,0.0,1.24,23.49,10804,0,2.17,Nacoes Shopping,NS
2025-05-12 00:00:00,IPAD,0.0,0,0.0,0.0,0.0,0.04,33,0,1.21,Nacoes Shopping,NS
2025-05-13 00:00:00,ANDROID,0.19,39,0.0,0.0,1.3,50.65,20513,0,2.47,Nacoes Shopping,NS
2025-05-13 00:00:00,IPHONE,0.16,16,0.0,0.0,1.38,22.12,10136,0,2.18,Nacoes Shopping,NS
2025-05-13 00:00:00,IPAD,0.0,0,0.0,0.0,0.0,0.1,32,0,3.13,Nacoes Shopping,NS
2025-05-14 00:00:00,ANDROID,0.19,39,0.0,0.0,1.3,50.76,20113,0,2.52,Nacoes Shopping,NS
2025-05-14 00:00:00,IPHONE,0.23,22,0.0,0.0,0.99,21.87,9500,0,2.3,Nacoes Shopping,NS
2025-05-14 00:00:00,IPAD,0.0,0,0.0,0.0,0.0,0.13,40,0,3.25,Nacoes Shopping,NS
2025-05-14 00:00:00,WAP,0.0,0,0.0,0.0,0.0,0.0,0,0,0.0,Nacoes Shopping,NS
2025-05-15 00:00:00,UNKNOWN,0.0,0,0.0,0.0,0.0,0.01,0,0,0.0,Nacoes Shopping,NS
2025-05-15 00:00:00,ANDROID,0.11,44,0.0,0.0,2.03,89.29,41671,0,2.14,Nacoes Shopping,NS
2025-05-15 00:00:00,IPHONE,0.08,23,0.0,0.0,2.45,56.28,28100,0,2.0,Nacoes Shopping,NS
2025-05-15 00:00:00,IPAD,0.0,0,0.0,0.0,0.0,0.18,49,0,3.67,Nacoes Shopping,NS
2025-05-16 00:00:00,ANDROID,0.08,43,0.0,0.0,2.71,116.42,53754,0,2.17,Nacoes Shopping,NS
2025-05-16 00:00:00,IPHONE,0.08,26,0.0,0.0,2.67,69.39,34494,0,2.01,Nacoes Shopping,NS
2025-05-16 00:00:00,IPAD,0.0,0,0.0,0.0,0.0,0.18,64,0,2.81,Nacoes Shopping,NS
2025-05-17 00:00:00,ANDROID,0.09,32,0.0,0.0,2.37,75.89,35502,0,2.14,Nacoes Shopping,NS
2025-05-17 00:00:00,IPHONE,0.12,24,0.0,0.0,1.66,39.83,20207,0,1.97,Nacoes Shopping,NS
2025-05-17 00:00:00,IPAD,2.63,1,0.0,0.0,0.13,0.13,38,0,3.42,Nacoes Shopping,NS
2025-05-18 00:00:00,ANDROID,0.16,46,0.0,0.0,1.27,58.59,28430,0,2.06,Nacoes Shopping,NS
2025-05-18 00:00:00,IPHONE,0.18,28,0.0,0.0,1.08,30.13,15926,0,1.89,Nacoes Shopping,NS
2025-05-18 00:00:00,IPAD,0.0,0,0.0,0.0,0.0,0.1,50,0,2.0,Nacoes Shopping,NS
2025-05-19 00:00:00,UNKNOWN,0.0,0,0.0,0.0,0.0,0.01,0,0,0.0,Nacoes Shopping,NS
2025-05-19 00:00:00,ANDROID,0.14,37,0.0,0.0,1.51,56.04,25923,0,2.16,Nacoes Shopping,NS
2025-05-19 00:00:00,IPHONE,0.27,41,0.0,0.0,0.75,30.87,15130,0,2.04,Nacoes Shopping,NS
2025-05-19 00:00:00,IPAD,0.0,0,0.0,0.0,0.0,0.1,38,0,2.63,Nacoes Shopping,NS
2025-05-20 00:00:00,UNKNOWN,0.0,0,0.0,0.0,0.0,0.01,0,0,0.0,Nacoes Shopping,NS
2025-05-20 00:00:00,ANDROID,0.12,30,0.0,0.0,1.95,58.57,25923,0,2.26,Nacoes Shopping,NS
2025-05-20 00:00:00,IPHONE,0.16,21,0.0,0.0,1.4,29.34,13414,0,2.19,Nacoes Shopping,NS
2025-05-20 00:00:00,IPAD,0.0,0,0.0,0.0,0.0,0.04,17,0,2.35,Nacoes Shopping,NS
2025-05-21 00:00:00,ANDROID,0.15,38,0.0,0.0,1.52,57.94,25540,0,2.27,Nacoes Shopping,NS
2025-05-21 00:00:00,IPHONE,0.24,32,0.0,0.0,0.9,28.93,13289,0,2.18,Nacoes Shopping,NS
2025-05-21 00:00:00,IPAD,0.0,0,0.0,0.0,0.0,0.1,26,0,3.85,Nacoes Shopping,NS
2025-05-22 00:00:00,ANDROID,0.09,23,0.0,0.0,2.46,56.62,26014,0,2.18,Nacoes Shopping,NS
2025-05-22 00:00:00,IPHONE,0.17,25,0.0,0.0,1.21,30.3,14848,0,2.04,Nacoes Shopping,NS
2025-05-22 00:00:00,IPAD,0.0,0,0.0,0.0,0.0,0.1,40,0,2.5,Nacoes Shopping,NS
2025-05-22 00:00:00,WAP,0.0,0,0.0,0.0,0.0,0.0,0,0,0.0,Nacoes Shopping,NS
2025-05-23 00:00:00,UNKNOWN,0.0,0,0.0,0.0,0.0,0.01,0,0,0.0,Nacoes Shopping,NS
2025-05-23 00:00:00,ANDROID,0.12,29,0.0,0.0,1.89,54.71,24149,0,2.27,Nacoes Shopping,NS
2025-05-23 00:00:00,IPHONE,0.13,20,0.0,0.0,1.57,31.3,15400,0,2.03,Nacoes Shopping,NS
2025-05-23 00:00:00,IPAD,5.26,1,0.0,0.0,0.08,0.08,19,0,4.21,Nacoes Shopping,NS
2025-05-23 00:00:00,WAP,0.0,0,0.0,0.0,0.0,0.0,0,0,0.0,Nacoes Shopping,NS
2025-05-24 00:00:00,ANDROID,0.17,42,0.0,0.0,1.35,56.78,25178,0,2.26,Nacoes Shopping,NS
2025-05-24 00:00:00,IPHONE,0.23,34,0.0,0.0,0.84,28.63,14812,0,1.93,Nacoes Shopping,NS
2025-05-24 00:00:00,IPAD,0.0,0,0.0,0.0,0.0,0.08,32,0,2.5,Nacoes Shopping,NS
2025-05-25 00:00:00,ANDROID,0.12,31,0.0,0.0,1.85,57.26,25293,0,2.26,Nacoes Shopping,NS
2025-05-25 00:00:00,IPHONE,0.12,18,0.0,0.0,1.61,29.05,14705,0,1.98,Nacoes Shopping,NS
2025-05-25 00:00:00,IPAD,0.0,0,0.0,0.0,0.0,0.1,29,0,3.45,Nacoes Shopping,NS
2025-05-26 00:00:00,ANDROID,0.11,24,0.0,0.0,2.3,55.08,22556,0,2.44,Nacoes Shopping,NS
2025-05-26 00:00:00,IPHONE,0.08,12,0.0,0.0,2.49,29.85,14210,0,2.1,Nacoes Shopping,NS
2025-05-26 00:00:00,IPAD,0.0,0,0.0,0.0,0.0,0.08,36,0,2.22,Nacoes Shopping,NS
2025-05-26 00:00:00,WAP,0.0,0,0.0,0.0,0.0,0.0,0,0,0.0,Nacoes Shopping,NS
2025-05-27 00:00:00,ANDROID,0.16,36,0.0,0.0,1.54,55.41,22669,0,2.44,Nacoes Shopping,NS
2025-05-27 00:00:00,IPHONE,0.12,15,0.0,0.0,1.98,29.65,12943,0,2.29,Nacoes Shopping,NS
2025-05-27 00:00:00,IPAD,0.0,0,0.0,0.0,0.0,0.06,26,0,2.31,Nacoes Shopping,NS
2025-05-27 00:00:00,WAP,0.0,0,0.0,0.0,0.0,0.0,0,0,0.0,Nacoes Shopping,NS
2025-05-28 00:00:00,ANDROID,0.14,32,0.0,0.0,1.78,56.92,22990,0,2.48,Nacoes Shopping,NS
2025-05-28 00:00:00,IPHONE,0.14,17,0.0,0.0,1.58,26.93,11802,0,2.28,Nacoes Shopping,NS
2025-05-28 00:00:00,IPAD,0.0,0,0.0,0.0,0.0,0.11,36,0,3.06,Nacoes Shopping,NS
2025-05-29 00:00:00,ANDROID,0.12,27,0.0,0.0,1.98,53.41,22087,0,2.42,Nacoes Shopping,NS
2025-05-29 00:00:00,IPHONE,0.09,12,0.0,0.0,2.45,29.37,13264,0,2.21,Nacoes Shopping,NS
2025-05-29 00:00:00,IPAD,0.0,0,0.0,0.0,0.0,0.08,27,0,2.96,Nacoes Shopping,NS
2025-05-30 00:00:00,ANDROID,0.1,19,0.0,0.0,2.6,49.44,19398,0,2.55,Nacoes Shopping,NS
2025-05-30 00:00:00,IPHONE,0.17,21,0.0,0.0,1.39,29.17,12383,0,2.36,Nacoes Shopping,NS
2025-05-30 00:00:00,IPAD,0.0,0,0.0,0.0,0.0,0.09,18,0,5.0,Nacoes Shopping,NS
2025-05-31 00:00:00,ANDROID,0.22,31,0.0,0.0,1.49,46.07,14364,0,3.21,Nacoes Shopping,NS
2025-05-31 00:00:00,IPHONE,0.25,20,0.0,0.0,1.16,23.25,7921,0,2.94,Nacoes Shopping,NS
2025-05-31 00:00:00,IPAD,0.0,0,0.0,0.0,0.0,0.14,29,0,4.83,Nacoes Shopping,NS
2025-06-01 00:00:00,ANDROID,0.0,0,0.0,0.0,0.0,0.0,0,0,0.0,Nacoes Shopping,NS
2025-06-01 00:00:00,IPHONE,0.0,0,0.0,0.0,0.0,0.0,0,0,0.0,Nacoes Shopping,NS
2025-06-01 00:00:00,IPAD,0.0,0,0.0,0.0,0.0,0.0,0,0,0.0,Nacoes Shopping,NS
2025-06-02 00:00:00,ANDROID,0.0,0,0.0,0.0,0.0,0.0,0,0,0.0,Nacoes Shopping,NS
2025-06-03 00:00:00,ANDROID,0.0,0,0.0,0.0,0.0,0.0,0,0,0.0,Nacoes Shopping,NS
2025-06-03 00:00:00,IPHONE,0.0,0,0.0,0.0,0.0,0.0,0,0,0.0,Nacoes Shopping,NS
2025-06-04 00:00:00,ANDROID,0.09,8,0.0,0.0,3.07,24.54,8723,0,2.81,Nacoes Shopping,NS
2025-06-04 00:00:00,IPHONE,0.17,10,0.0,0.0,1.05,10.48,5779,0,1.81,Nacoes Shopping,NS
2025-06-04 00:00:00,IPAD,0.0,0,0.0,0.0,0.0,0.0,3,0,0.0,Nacoes Shopping,NS
2025-06-05 00:00:00,ANDROID,0.13,22,0.0,0.0,2.17,47.81,16948,0,2.82,Nacoes Shopping,NS
2025-06-05 00:00:00,IPHONE,0.14,15,0.0,0.0,1.46,21.83,10368,0,2.11,Nacoes Shopping,NS
2025-06-05 00:00:00,IPAD,0.0,0,0.0,0.0,0.0,0.01,11,0,0.91,Nacoes Shopping,NS
2025-06-06 00:00:00,ANDROID,0.15,26,0.0,0.0,2.22,57.72,17445,0,3.31,Nacoes Shopping,NS
2025-06-06 00:00:00,IPHONE,0.12,12,0.0,0.0,1.81,21.69,9628,0,2.25,Nacoes Shopping,NS
2025-06-06 00:00:00,IPAD,0.0,0,0.0,0.0,0.0,0.1,23,0,4.35,Nacoes Shopping,NS
2025-06-07 00:00:00,ANDROID,0.13,26,0.0,0.0,2.25,58.43,19893,0,2.94,Nacoes Shopping,NS
2025-06-07 00:00:00,IPHONE,0.15,16,0.0,0.0,1.41,22.55,10767,0,2.09,Nacoes Shopping,NS
2025-06-07 00:00:00,IPAD,0.0,0,0.0,0.0,0.0,0.07,25,0,2.8,Nacoes Shopping,NS
2025-06-08 00:00:00,ANDROID,0.1,19,0.0,0.0,2.99,56.84,19192,0,2.96,Nacoes Shopping,NS
2025-06-08 00:00:00,IPHONE,0.12,13,0.0,0.0,1.73,22.55,10874,0,2.07,Nacoes Shopping,NS
2025-06-08 00:00:00,IPAD,0.0,0,0.0,0.0,0.0,0.06,23,0,2.61,Nacoes Shopping,NS
2025-06-08 00:00:00,WAP,0.0,0,0.0,0.0,0.0,0.0,0,0,0.0,Nacoes Shopping,NS
2025-06-09 00:00:00,ANDROID,0.12,21,0.0,0.0,2.53,53.17,17110,0,3.11,Nacoes Shopping,NS
2025-06-09 00:00:00,IPHONE,0.14,14,0.0,0.0,1.56,21.89,9755,0,2.24,Nacoes Shopping,NS
2025-06-09 00:00:00,IPAD,0.0,0,0.0,0.0,0.0,0.07,17,0,4.12,Nacoes Shopping,NS
2025-06-10 00:00:00,ANDROID,0.14,22,0.0,0.0,2.43,53.45,16286,0,3.28,Nacoes Shopping,NS
2025-06-10 00:00:00,IPHONE,0.13,11,0.0,0.0,1.89,20.75,8372,0,2.48,Nacoes Shopping,NS
2025-06-10 00:00:00,IPAD,0.0,0,0.0,0.0,0.0,0.04,15,0,2.67,Nacoes Shopping,NS
2025-06-10 00:00:00,WAP,0.0,0,0.0,0.0,0.0,0.0,0,0,0.0,Nacoes Shopping,NS
2025-06-11 00:00:00,ANDROID,0.16,26,0.0,0.0,2.04,53.02,16735,0,3.17,Nacoes Shopping,NS
2025-06-11 00:00:00,IPHONE,0.15,13,0.0,0.0,1.66,21.63,8954,0,2.42,Nacoes Shopping,NS
2025-06-11 00:00:00,IPAD,0.0,0,0.0,0.0,0.0,0.11,23,0,4.78,Nacoes Shopping,NS
2025-06-12 00:00:00,ANDROID,0.14,21,0.0,0.0,2.24,47.14,15234,0,3.09,Nacoes Shopping,NS
2025-06-12 00:00:00,IPHONE,0.21,18,0.0,0.0,1.15,20.67,8759,0,2.36,Nacoes Shopping,NS
2025-06-12 00:00:00,IPAD,0.0,0,0.0,0.0,0.0,0.03,15,0,2.0,Nacoes Shopping,NS
2025-06-13 00:00:00,ANDROID,0.12,18,0.0,0.0,2.45,44.15,15284,0,2.89,Nacoes Shopping,NS
2025-06-13 00:00:00,IPHONE,0.19,17,0.0,0.0,1.21,20.63,8747,0,2.36,Nacoes Shopping,NS
2025-06-13 00:00:00,IPAD,0.0,0,0.0,0.0,0.0,0.03,14,0,2.14,Nacoes Shopping,NS
2025-06-13 00:00:00,WAP,0.0,0,0.0,0.0,0.0,0.0,0,0,0.0,Nacoes Shopping,NS
2025-06-14 00:00:00,ANDROID,0.16,23,0.0,0.0,1.7,39.2,14735,0,2.66,Nacoes Shopping,NS
2025-06-14 00:00:00,IPHONE,0.25,20,0.0,0.0,0.93,18.57,8048,0,2.31,Nacoes Shopping,NS
2025-06-14 00:00:00,IPAD,0.0,0,0.0,0.0,0.0,0.04,19,0,2.11,Nacoes Shopping,NS
2025-06-15 00:00:00,ANDROID,0.02,2,0.0,0.0,11.63,23.25,8148,0,2.85,Nacoes Shopping,NS
2025-06-15 00:00:00,IPHONE,0.2,9,0.0,0.0,1.06,9.55,4400,0,2.17,Nacoes Shopping,NS
2025-06-15 00:00:00,IPAD,0.0,0,0.0,0.0,0.0,0.0,6,0,0.0,Nacoes Shopping,NS
2025-06-16 00:00:00,ANDROID,0.0,0,0.0,0.0,0.0,6.32,3025,0,2.09,Nacoes Shopping,NS
2025-06-16 00:00:00,IPHONE,0.0,0,0.0,0.0,0.0,3.5,1854,0,1.89,Nacoes Shopping,NS
2025-06-16 00:00:00,IPAD,0.0,0,0.0,0.0,0.0,0.0,1,0,0.0,Nacoes Shopping,NS
2025-06-17 00:00:00,ANDROID,0.0,0,0.0,0.0,0.0,6.01,2887,0,2.08,Nacoes Shopping,NS
2025-06-17 00:00:00,IPHONE,0.0,0,0.0,0.0,0.0,3.43,1608,0,2.13,Nacoes Shopping,NS
2025-06-17 00:00:00,IPAD,0.0,0,0.0,0.0,0.0,0.01,3,0,3.33,Nacoes Shopping,NS
2025-06-18 00:00:00,ANDROID,0.0,0,0.0,0.0,0.0,6.09,2815,0,2.16,Nacoes Shopping,NS
2025-06-18 00:00:00,IPHONE,0.0,0,0.0,0.0,0.0,3.35,1378,0,2.43,Nacoes Shopping,NS
2025-06-18 00:00:00,IPAD,0.0,0,0.0,0.0,0.0,0.0,2,0,0.0,Nacoes Shopping,NS
2025-06-19 00:00:00,ANDROID,0.0,0,0.0,0.0,0.0,6.6,2971,0,2.22,Nacoes Shopping,NS
2025-06-19 00:00:00,IPHONE,0.0,0,0.0,0.0,0.0,3.51,1619,0,2.17,Nacoes Shopping,NS
2025-06-19 00:00:00,IPAD,0.0,0,0.0,0.0,0.0,0.02,2,0,10.0,Nacoes Shopping,NS
2025-06-20 00:00:00,ANDROID,0.0,0,0.0,0.0,0.0,5.7,2552,0,2.23,Nacoes Shopping,NS
2025-06-20 00:00:00,IPHONE,0.0,0,0.0,0.0,0.0,3.04,1464,0,2.08,Nacoes Shopping,NS
2025-06-20 00:00:00,IPAD,0.0,0,0.0,0.0,0.0,0.0,0,0,0.0,Nacoes Shopping,NS
2025-06-21 00:00:00,ANDROID,0.0,0,0.0,0.0,0.0,5.29,2378,0,2.22,Nacoes Shopping,NS
2025-06-21 00:00:00,IPHONE,0.0,0,0.0,0.0,0.0,3.03,1441,0,2.1,Nacoes Shopping,NS
2025-06-22 00:00:00,ANDROID,0.0,0,0.0,0.0,0.0,5.28,2433,0,2.17,Nacoes Shopping,NS
2025-06-22 00:00:00,IPHONE,0.0,0,0.0,0.0,0.0,2.84,1488,0,1.91,Nacoes Shopping,NS
2025-06-22 00:00:00,IPAD,0.0,0,0.0,0.0,0.0,0.01,4,0,2.5,Nacoes Shopping,NS
2025-06-23 00:00:00,ANDROID,0.0,0,0.0,0.0,0.0,4.97,2156,0,2.31,Nacoes Shopping,NS
2025-06-23 00:00:00,IPHONE,0.0,0,0.0,0.0,0.0,2.53,1230,0,2.06,Nacoes Shopping,NS
2025-06-23 00:00:00,IPAD,0.0,0,0.0,0.0,0.0,0.01,1,0,10.0,Nacoes Shopping,NS
2025-06-24 00:00:00,ANDROID,0.0,0,0.0,0.0,0.0,4.48,1861,0,2.41,Nacoes Shopping,NS
2025-06-24 00:00:00,IPHONE,0.0,0,0.0,0.0,0.0,2.51,1023,0,2.45,Nacoes Shopping,NS
2025-06-24 00:00:00,IPAD,0.0,0,0.0,0.0,0.0,0.0,1,0,0.0,Nacoes Shopping,NS
2025-06-25 00:00:00,ANDROID,0.0,0,0.0,0.0,0.0,4.03,1604,0,2.51,Nacoes Shopping,NS
2025-06-25 00:00:00,IPHONE,0.0,0,0.0,0.0,0.0,2.48,971,0,2.55,Nacoes Shopping,NS
2025-06-25 00:00:00,IPAD,0.0,0,0.0,0.0,0.0,0.0,3,0,0.0,Nacoes Shopping,NS
2025-06-26 00:00:00,ANDROID,0.0,0,0.0,0.0,0.0,3.81,1416,0,2.69,Nacoes Shopping,NS
2025-06-26 00:00:00,IPHONE,0.0,0,0.0,0.0,0.0,1.93,785,0,2.46,Nacoes Shopping,NS
2025-06-26 00:00:00,IPAD,0.0,0,0.0,0.0,0.0,0.0,0,0,0.0,Nacoes Shopping,NS
2025-06-27 00:00:00,ANDROID,0.0,0,0.0,0.0,0.0,5.15,1888,0,2.73,Nacoes Shopping,NS
2025-06-27 00:00:00,IPHONE,0.0,0,0.0,0.0,0.0,2.73,1083,0,2.52,Nacoes Shopping,NS
2025-06-27 00:00:00,IPAD,0.0,0,0.0,0.0,0.0,0.0,5,0,0.0,Nacoes Shopping,NS
2025-06-28 00:00:00,ANDROID,0.0,0,0.0,0.0,0.0,8.42,2955,0,2.85,Nacoes Shopping,NS
2025-06-28 00:00:00,IPHONE,0.0,0,0.0,0.0,0.0,4.93,1852,0,2.66,Nacoes Shopping,NS
2025-06-28 00:00:00,IPAD,0.0,0,0.0,0.0,0.0,0.0,3,0,0.0,Nacoes Shopping,NS
2025-06-29 00:00:00,ANDROID,0.0,0,0.0,0.0,0.0,8.2,3153,0,2.6,Nacoes Shopping,NS
2025-06-29 00:00:00,IPHONE,0.0,0,0.0,0.0,0.0,4.93,1981,0,2.49,Nacoes Shopping,NS
2025-06-29 00:00:00,IPAD,0.0,0,0.0,0.0,0.0,0.0,3,0,0.0,Nacoes Shopping,NS
2025-06-30 00:00:00,ANDROID,0.0,0,0.0,0.0,0.0,14.61,6228,0,2.35,Nacoes Shopping,NS
2025-06-30 00:00:00,IPHONE,0.0,0,0.0,0.0,0.0,8.69,3692,0,2.35,Nacoes Shopping,NS
2025-06-30 00:00:00,IPAD,0.0,0,0.0,0.0,0.0,0.0,5,0,0.0,Nacoes Shopping,NS
2025-07-01 00:00:00,ANDROID,0.0,0,0.0,0.0,0.0,17.47,10529,0,1.66,Nacoes Shopping,NS
2025-07-01 00:00:00,IPHONE,0.0,0,0.0,0.0,0.0,10.72,6481,0,1.65,Nacoes Shopping,NS
2025-07-01 00:00:00,IPAD,0.0,0,0.0,0.0,0.0,0.02,10,0,2.0,Nacoes Shopping,NS
2025-07-02 00:00:00,ANDROID,0.0,0,0.0,0.0,0.0,16.28,9335,0,1.74,Nacoes Shopping,NS
2025-07-02 00:00:00,IPHONE,0.0,0,0.0,0.0,0.0,10.52,5656,0,1.86,Nacoes Shopping,NS
2025-07-02 00:00:00,IPAD,0.0,0,0.0,0.0,0.0,0.0,11,0,0.0,Nacoes Shopping,NS
2025-07-03 00:00:00,UNKNOWN,0.0,0,0.0,0.0,0.0,0.01,0,0,0.0,Nacoes Shopping,NS
2025-07-03 00:00:00,ANDROID,0.0,0,0.0,0.0,0.0,29.18,14725,0,1.98,Nacoes Shopping,NS
2025-07-03 00:00:00,IPHONE,0.0,0,0.0,0.0,0.0,15.88,7661,0,2.07,Nacoes Shopping,NS
2025-07-03 00:00:00,IPAD,0.0,0,0.0,0.0,0.0,0.05,18,0,2.78,Nacoes Shopping,NS
2025-07-04 00:00:00,ANDROID,0.0,0,0.0,0.0,0.0,32.26,16332,0,1.98,Nacoes Shopping,NS
2025-07-04 00:00:00,IPHONE,0.0,0,0.0,0.0,0.0,18.31,8726,0,2.1,Nacoes Shopping,NS
2025-07-04 00:00:00,IPAD,0.0,0,0.0,0.0,0.0,0.06,17,0,3.53,Nacoes Shopping,NS
2025-07-05 00:00:00,UNKNOWN,0.0,0,0.0,0.0,0.0,0.01,0,0,0.0,Nacoes Shopping,NS
2025-07-05 00:00:00,ANDROID,0.0,0,0.0,0.0,0.0,31.56,16732,0,1.89,Nacoes Shopping,NS
2025-07-05 00:00:00,IPHONE,0.0,0,0.0,0.0,0.0,18.65,9742,0,1.91,Nacoes Shopping,NS
2025-07-05 00:00:00,IPAD,0.0,0,0.0,0.0,0.0,0.06,17,0,3.53,Nacoes Shopping,NS
2025-07-06 00:00:00,ANDROID,0.0,0,0.0,0.0,0.0,31.02,16454,0,1.89,Nacoes Shopping,NS
2025-07-06 00:00:00,IPHONE,0.0,0,0.0,0.0,0.0,19.47,10209,0,1.91,Nacoes Shopping,NS
2025-07-06 00:00:00,IPAD,0.0,0,0.0,0.0,0.0,0.03,20,0,1.5,Nacoes Shopping,NS
2025-07-07 00:00:00,ANDROID,0.0,0,0.0,0.0,0.0,31.2,16156,0,1.93,Nacoes Shopping,NS
2025-07-07 00:00:00,IPHONE,0.0,0,0.0,0.0,0.0,18.66,9908,0,1.88,Nacoes Shopping,NS
2025-07-07 00:00:00,IPAD,0.0,0,0.0,0.0,0.0,0.06,26,0,2.31,Nacoes Shopping,NS
2025-07-08 00:00:00,ANDROID,0.0,0,0.0,0.0,0.0,30.77,15690,0,1.96,Nacoes Shopping,NS
2025-07-08 00:00:00,IPHONE,0.0,0,0.0,0.0,0.0,17.37,9165,0,1.9,Nacoes Shopping,NS
2025-07-08 00:00:00,IPAD,0.0,0,0.0,0.0,0.0,0.03,19,0,1.58,Nacoes Shopping,NS
2025-07-09 00:00:00,ANDROID,0.0,0,0.0,0.0,0.0,30.48,14674,0,2.08,Nacoes Shopping,NS
2025-07-09 00:00:00,IPHONE,0.0,0,0.0,0.0,0.0,17.03,8498,0,2.0,Nacoes Shopping,NS
2025-07-09 00:00:00,IPAD,0.0,0,0.0,0.0,0.0,0.04,13,0,3.08,Nacoes Shopping,NS
2025-07-10 00:00:00,ANDROID,0.0,0,0.0,0.0,0.0,29.7,14621,0,2.03,Nacoes Shopping,NS
2025-07-10 00:00:00,IPHONE,0.0,0,0.0,0.0,0.0,18.27,8472,0,2.16,Nacoes Shopping,NS
2025-07-10 00:00:00,IPAD,0.0,0,0.0,0.0,0.0,0.03,15,0,2.0,Nacoes Shopping,NS
2025-07-11 00:00:00,ANDROID,0.0,0,0.0,0.0,0.0,30.85,15309,0,2.02,Nacoes Shopping,NS
2025-07-11 00:00:00,IPHONE,0.0,0,0.0,0.0,0.0,17.88,8797,0,2.03,Nacoes Shopping,NS
2025-07-11 00:00:00,IPAD,0.0,0,0.0,0.0,0.0,0.02,13,0,1.54,Nacoes Shopping,NS
2025-07-12 00:00:00,ANDROID,0.0,0,0.0,0.0,0.0,30.19,15769,0,1.91,Nacoes Shopping,NS
2025-07-12 00:00:00,IPHONE,0.0,0,0.0,0.0,0.0,17.05,8905,0,1.91,Nacoes Shopping,NS
2025-07-12 00:00:00,IPAD,0.0,0,0.0,0.0,0.0,0.01,12,0,0.83,Nacoes Shopping,NS
2025-07-13 00:00:00,ANDROID,0.0,0,0.0,0.0,0.0,28.85,15287,0,1.89,Nacoes Shopping,NS
2025-07-13 00:00:00,IPHONE,0.0,0,0.0,0.0,0.0,17.37,9245,0,1.88,Nacoes Shopping,NS
2025-07-13 00:00:00,IPAD,0.0,0,0.0,0.0,0.0,0.03,17,0,1.76,Nacoes Shopping,NS
2025-07-14 00:00:00,ANDROID,0.0,0,0.0,0.0,0.0,29.15,16019,0,1.82,Nacoes Shopping,NS
2025-07-14 00:00:00,IPHONE,0.0,0,0.0,0.0,0.0,18.9,9748,0,1.94,Nacoes Shopping,NS
2025-07-14 00:00:00,IPAD,0.0,0,0.0,0.0,0.0,0.05,17,0,2.94,Nacoes Shopping,NS
2025-07-15 00:00:00,ANDROID,0.0,0,0.0,0.0,0.0,29.72,14733,0,2.02,Nacoes Shopping,NS
2025-07-15 00:00:00,IPHONE,0.0,0,0.0,0.0,0.0,16.62,8340,0,1.99,Nacoes Shopping,NS
2025-07-15 00:00:00,IPAD,0.0,0,0.0,0.0,0.0,0.02,16,0,1.25,Nacoes Shopping,NS
2025-07-16 00:00:00,ANDROID,0.0,0,0.0,0.0,0.0,48.35,20668,0,2.34,Nacoes Shopping,NS
2025-07-16 00:00:00,IPHONE,0.0,0,0.0,0.0,0.0,24.41,12024,0,2.03,Nacoes Shopping,NS
2025-07-16 00:00:00,IPAD,0.0,0,0.0,0.0,0.0,0.11,32,0,3.44,Nacoes Shopping,NS
2025-07-17 00:00:00,ANDROID,0.0,0,0.0,0.0,0.0,60.96,25598,0,2.38,Nacoes Shopping,NS
2025-07-17 00:00:00,IPHONE,0.0,0,0.0,0.0,0.0,34.12,16278,0,2.1,Nacoes Shopping,NS
2025-07-17 00:00:00,IPAD,0.0,0,0.0,0.0,0.0,0.13,36,0,3.61,Nacoes Shopping,NS
2025-07-18 00:00:00,ANDROID,0.0,0,0.0,0.0,0.0,98.74,40599,0,2.43,Nacoes Shopping,NS
2025-07-18 00:00:00,IPHONE,0.0,0,0.0,0.0,0.0,56.63,25227,0,2.24,Nacoes Shopping,NS
2025-07-18 00:00:00,IPAD,0.0,0,0.0,0.0,0.0,0.23,84,0,2.74,Nacoes Shopping,NS
2025-07-19 00:00:00,ANDROID,0.0,0,0.0,0.0,0.0,114.75,45738,0,2.51,Nacoes Shopping,NS
2025-07-19 00:00:00,IPHONE,0.0,0,0.0,0.0,0.0,63.22,27566,0,2.29,Nacoes Shopping,NS
2025-07-19 00:00:00,IPAD,0.0,0,0.0,0.0,0.0,0.26,107,0,2.43,Nacoes Shopping,NS
2025-07-20 00:00:00,ANDROID,0.0,0,0.0,0.0,0.0,72.33,30014,0,2.41,Nacoes Shopping,NS
2025-07-20 00:00:00,IPHONE,0.0,0,0.0,0.0,0.0,38.79,17861,0,2.17,Nacoes Shopping,NS
2025-07-20 00:00:00,IPAD,0.0,0,0.0,0.0,0.0,0.22,62,0,3.55,Nacoes Shopping,NS
2025-07-21 00:00:00,ANDROID,0.0,0,0.0,0.0,0.0,58.55,24760,0,2.36,Nacoes Shopping,NS
2025-07-21 00:00:00,IPHONE,0.0,0,0.0,0.0,0.0,32.84,15602,0,2.1,Nacoes Shopping,NS
2025-07-21 00:00:00,IPAD,0.0,0,0.0,0.0,0.0,0.03,36,0,0.83,Nacoes Shopping,NS
2025-07-21 00:00:00,WAP,0.0,0,0.0,0.0,0.0,0.0,0,0,0.0,Nacoes Shopping,NS
2025-07-22 00:00:00,ANDROID,0.0,0,0.0,0.0,0.0,53.93,23394,0,2.31,Nacoes Shopping,NS
2025-07-22 00:00:00,IPHONE,0.0,0,0.0,0.0,0.0,31.92,14672,0,2.18,Nacoes Shopping,NS
2025-07-22 00:00:00,IPAD,0.0,0,0.0,0.0,0.0,0.12,40,0,3.0,Nacoes Shopping,NS
2025-07-22 00:00:00,WAP,0.0,0,0.0,0.0,0.0,0.0,0,0,0.0,Nacoes Shopping,NS
2025-07-23 00:00:00,ANDROID,0.0,0,0.0,0.0,0.0,55.96,24668,0,2.27,Nacoes Shopping,NS
2025-07-23 00:00:00,IPHONE,0.0,0,0.0,0.0,0.0,31.96,14489,0,2.21,Nacoes Shopping,NS
2025-07-23 00:00:00,IPAD,0.0,0,0.0,0.0,0.0,0.11,49,0,2.24,Nacoes Shopping,NS
2025-07-24 00:00:00,ANDROID,0.0,0,0.0,0.0,0.0,51.18,22680,0,2.26,Nacoes Shopping,NS
2025-07-24 00:00:00,IPHONE,0.0,0,0.0,0.0,0.0,29.04,14110,0,2.06,Nacoes Shopping,NS
2025-07-24 00:00:00,IPAD,0.0,0,0.0,0.0,0.0,0.04,23,0,1.74,Nacoes Shopping,NS
2025-07-25 00:00:00,ANDROID,0.0,0,0.0,0.0,0.0,50.99,21091,0,2.42,Nacoes Shopping,NS
2025-07-25 00:00:00,IPHONE,0.0,0,0.0,0.0,0.0,28.88,13286,0,2.17,Nacoes Shopping,NS
2025-07-25 00:00:00,IPAD,0.0,0,0.0,0.0,0.0,0.04,27,0,1.48,Nacoes Shopping,NS
2025-07-26 00:00:00,ANDROID,0.0,0,0.0,0.0,0.0,48.26,19478,0,2.48,Nacoes Shopping,NS
2025-07-26 00:00:00,IPHONE,0.0,0,0.0,0.0,0.0,29.1,12676,0,2.3,Nacoes Shopping,NS
2025-07-26 00:00:00,IPAD,0.0,0,0.0,0.0,0.0,0.07,31,0,2.26,Nacoes Shopping,NS
2025-07-27 00:00:00,UNKNOWN,0.0,0,0.0,0.0,0.0,0.01,0,0,0.0,Nacoes Shopping,NS
2025-07-27 00:00:00,ANDROID,0.0,0,0.0,0.0,0.0,46.34,19441,0,2.38,Nacoes Shopping,NS
2025-07-27 00:00:00,IPHONE,0.0,0,0.0,0.0,0.0,24.38,11484,0,2.12,Nacoes Shopping,NS
2025-07-27 00:00:00,IPAD,0.0,0,0.0,0.0,0.0,0.07,29,0,2.41,Nacoes Shopping,NS
2025-07-28 00:00:00,ANDROID,0.0,0,0.0,0.0,0.0,37.11,17009,0,2.18,Nacoes Shopping,NS
2025-07-28 00:00:00,IPHONE,0.0,0,0.0,0.0,0.0,22.41,10871,0,2.06,Nacoes Shopping,NS
2025-07-28 00:00:00,IPAD,0.0,0,0.0,0.0,0.0,0.06,14,0,4.29,Nacoes Shopping,NS
2025-07-29 00:00:00,ANDROID,0.0,0,0.0,0.0,0.0,33.31,15926,0,2.09,Nacoes Shopping,NS
2025-07-29 00:00:00,IPHONE,0.0,0,0.0,0.0,0.0,20.87,9898,0,2.11,Nacoes Shopping,NS
2025-07-29 00:00:00,IPAD,0.0,0,0.0,0.0,0.0,0.05,15,0,3.33,Nacoes Shopping,NS
2025-07-29 00:00:00,WAP,0.0,0,0.0,0.0,0.0,0.0,0,0,0.0,Nacoes Shopping,NS
2025-07-30 00:00:00,ANDROID,0.0,0,0.0,0.0,0.0,24.6,11089,0,2.22,Nacoes Shopping,NS
2025-07-30 00:00:00,IPHONE,0.0,0,0.0,0.0,0.0,14.0,6513,0,2.15,Nacoes Shopping,NS
2025-07-30 00:00:00,IPAD,0.0,0,0.0,0.0,0.0,0.02,8,0,2.5,Nacoes Shopping,NS
2025-07-31 00:00:00,ANDROID,0.0,0,0.0,0.0,0.0,20.31,9210,0,2.21,Nacoes Shopping,NS
2025-07-31 00:00:00,IPHONE,0.0,0,0.0,0.0,0.0,12.87,5898,0,2.18,Nacoes Shopping,NS
2025-07-31 00:00:00,IPAD,0.0,0,0.0,0.0,0.0,0.01,12,0,0.83,Nacoes Shopping,NS
2025-08-01 00:00:00,ANDROID,0.0,0,0.0,0.0,0.0,24.67,13111,0,1.88,Nacoes Shopping,NS
2025-08-01 00:00:00,IPHONE,0.0,0,0.0,0.0,0.0,15.6,7829,0,1.99,Nacoes Shopping,NS
2025-08-01 00:00:00,IPAD,0.0,0,0.0,0.0,0.0,0.0,7,0,0.0,Nacoes Shopping,NS
2025-08-02 00:00:00,ANDROID,0.0,0,0.0,0.0,0.0,24.28,12795,0,1.9,Nacoes Shopping,NS
2025-08-02 00:00:00,IPHONE,0.0,0,0.0,0.0,0.0,15.97,8376,0,1.91,Nacoes Shopping,NS
2025-08-02 00:00:00,IPAD,0.0,0,0.0,0.0,0.0,0.01,34,0,0.29,Nacoes Shopping,NS
2025-08-03 00:00:00,ANDROID,0.0,0,0.0,0.0,0.0,23.46,12636,0,1.86,Nacoes Shopping,NS
2025-08-03 00:00:00,IPHONE,0.0,0,0.0,0.0,0.0,15.43,8414,0,1.83,Nacoes Shopping,NS
2025-08-03 00:00:00,IPAD,0.0,0,0.0,0.0,0.0,0.06,21,0,2.86,Nacoes Shopping,NS
2025-08-04 00:00:00,ANDROID,0.0,0,0.0,0.0,0.0,22.98,12012,0,1.91,Nacoes Shopping,NS
2025-08-04 00:00:00,IPHONE,0.0,0,0.0,0.0,0.0,14.43,7447,0,1.94,Nacoes Shopping,NS
2025-08-04 00:00:00,IPAD,0.0,0,0.0,0.0,0.0,0.0,13,0,0.0,Nacoes Shopping,NS
2025-08-05 00:00:00,ANDROID,0.0,0,0.0,0.0,0.0,22.31,10757,0,2.07,Nacoes Shopping,NS
2025-08-05 00:00:00,IPHONE,0.0,0,0.0,0.0,0.0,13.65,6836,0,2.0,Nacoes Shopping,NS
2025-08-05 00:00:00,IPAD,0.0,0,0.0,0.0,0.0,0.02,12,0,1.67,Nacoes Shopping,NS
2025-08-06 00:00:00,ANDROID,0.0,0,0.0,0.0,0.0,24.19,10913,0,2.22,Nacoes Shopping,NS
2025-08-06 00:00:00,IPHONE,0.0,0,0.0,0.0,0.0,13.06,5873,0,2.22,Nacoes Shopping,NS
2025-08-06 00:00:00,IPAD,0.0,0,0.0,0.0,0.0,0.01,18,0,0.56,Nacoes Shopping,NS
2025-08-07 00:00:00,ANDROID,0.0,0,0.0,0.0,0.0,23.29,11366,0,2.05,Nacoes Shopping,NS
2025-08-07 00:00:00,IPHONE,0.0,0,0.0,0.0,0.0,14.13,6818,0,2.07,Nacoes Shopping,NS
2025-08-07 00:00:00,IPAD,0.0,0,0.0,0.0,0.0,0.02,13,0,1.54,Nacoes Shopping,NS
2025-08-07 00:00:00,WAP,0.0,0,0.0,0.0,0.0,0.0,0,0,0.0,Nacoes Shopping,NS
2025-08-08 00:00:00,ANDROID,0.0,0,0.0,0.0,0.0,24.19,10904,0,2.22,Nacoes Shopping,NS
2025-08-08 00:00:00,IPHONE,0.0,0,0.0,0.0,0.0,13.06,6196,0,2.11,Nacoes Shopping,NS
2025-08-08 00:00:00,IPAD,0.0,0,0.0,0.0,0.0,0.02,9,0,2.22,Nacoes Shopping,NS
2025-08-09 00:00:00,ANDROID,0.0,0,0.0,0.0,0.0,23.06,10703,0,2.15,Nacoes Shopping,NS
2025-08-09 00:00:00,IPHONE,0.0,0,0.0,0.0,0.0,14.47,6671,0,2.17,Nacoes Shopping,NS
2025-08-09 00:00:00,IPAD,0.0,0,0.0,0.0,0.0,0.04,16,0,2.5,Nacoes Shopping,NS
2025-08-10 00:00:00,ANDROID,0.0,0,0.0,0.0,0.0,22.43,10870,0,2.06,Nacoes Shopping,NS
2025-08-10 00:00:00,IPHONE,0.0,0,0.0,0.0,0.0,14.64,7185,0,2.04,Nacoes Shopping,NS
2025-08-10 00:00:00,IPAD,0.0,0,0.0,0.0,0.0,0.02,17,0,1.18,Nacoes Shopping,NS
2025-08-11 00:00:00,ANDROID,0.0,0,0.0,0.0,0.0,20.7,10140,0,2.04,Nacoes Shopping,NS
2025-08-11 00:00:00,IPHONE,0.0,0,0.0,0.0,0.0,13.84,6777,0,2.04,Nacoes Shopping,NS
2025-08-11 00:00:00,IPAD,0.0,0,0.0,0.0,0.0,0.05,23,0,2.17,Nacoes Shopping,NS
2025-08-12 00:00:00,ANDROID,0.0,0,0.0,0.0,0.0,21.44,10305,0,2.08,Nacoes Shopping,NS
2025-08-12 00:00:00,IPHONE,0.0,0,0.0,0.0,0.0,13.84,6364,0,2.17,Nacoes Shopping,NS
2025-08-12 00:00:00,IPAD,0.0,0,0.0,0.0,0.0,0.04,17,0,2.35,Nacoes Shopping,NS
2025-08-13 00:00:00,ANDROID,0.0,0,0.0,0.0,0.0,21.66,10762,0,2.01,Nacoes Shopping,NS
2025-08-13 00:00:00,IPHONE,0.0,0,0.0,0.0,0.0,13.57,6163,0,2.2,Nacoes Shopping,NS
2025-08-13 00:00:00,IPAD,0.0,0,0.0,0.0,0.0,0.04,25,0,1.6,Nacoes Shopping,NS
2025-08-14 00:00:00,ANDROID,0.0,0,0.0,0.0,0.0,21.18,11030,0,1.92,Nacoes Shopping,NS
2025-08-14 00:00:00,IPHONE,0.0,0,0.0,0.0,0.0,13.69,7095,0,1.93,Nacoes Shopping,NS
2025-08-14 00:00:00,IPAD,0.0,0,0.0,0.0,0.0,0.02,9,0,2.22,Nacoes Shopping,NS
2025-08-15 00:00:00,ANDROID,0.0,0,0.0,0.0,0.0,21.17,10389,0,2.04,Nacoes Shopping,NS
2025-08-15 00:00:00,IPHONE,0.0,0,0.0,0.0,0.0,13.58,6389,0,2.13,Nacoes Shopping,NS
2025-08-15 00:00:00,IPAD,0.0,0,0.0,0.0,0.0,0.0,13,0,0.0,Nacoes Shopping,NS
2025-08-16 00:00:00,UNKNOWN,0.0,0,0.0,0.0,0.0,0.01,0,0,0.0,Nacoes Shopping,NS
2025-08-16 00:00:00,ANDROID,0.0,0,0.0,0.0,0.0,21.86,10362,0,2.11,Nacoes Shopping,NS
2025-08-16 00:00:00,IPHONE,0.0,0,0.0,0.0,0.0,14.07,6896,0,2.04,Nacoes Shopping,NS
2025-08-16 00:00:00,IPAD,0.0,0,0.0,0.0,0.0,0.03,21,0,1.43,Nacoes Shopping,NS
2025-08-17 00:00:00,ANDROID,0.0,0,0.0,0.0,0.0,20.07,9864,0,2.03,Nacoes Shopping,NS
2025-08-17 00:00:00,IPHONE,0.0,0,0.0,0.0,0.0,13.26,6680,0,1.99,Nacoes Shopping,NS
2025-08-17 00:00:00,IPAD,0.0,0,0.0,0.0,0.0,0.04,17,0,2.35,Nacoes Shopping,NS
2025-08-18 00:00:00,ANDROID,0.0,0,0.0,0.0,0.0,20.2,9044,0,2.23,Nacoes Shopping,NS
2025-08-18 00:00:00,IPHONE,0.0,0,0.0,0.0,0.0,11.87,5935,0,2.0,Nacoes Shopping,NS
2025-08-18 00:00:00,IPAD,0.0,0,0.0,0.0,0.0,0.02,16,0,1.25,Nacoes Shopping,NS
2025-08-19 00:00:00,ANDROID,0.0,0,0.0,0.0,0.0,22.09,9509,0,2.32,Nacoes Shopping,NS
2025-08-19 00:00:00,IPHONE,0.0,0,0.0,0.0,0.0,10.77,5001,0,2.15,Nacoes Shopping,NS
2025-08-19 00:00:00,IPAD,0.0,0,0.0,0.0,0.0,0.02,12,0,1.67,Nacoes Shopping,NS
2025-08-20 00:00:00,ANDROID,0.0,0,0.0,0.0,0.0,21.33,9131,0,2.34,Nacoes Shopping,NS
2025-08-20 00:00:00,IPHONE,0.0,0,0.0,0.0,0.0,10.93,4624,0,2.36,Nacoes Shopping,NS
2025-08-20 00:00:00,IPAD,0.0,0,0.0,0.0,0.0,0.05,17,0,2.94,Nacoes Shopping,NS
2025-08-20 00:00:00,WAP,0.0,0,0.0,0.0,0.0,0.0,0,0,0.0,Nacoes Shopping,NS
2025-08-21 00:00:00,ANDROID,0.0,0,0.0,0.0,0.0,18.94,8618,0,2.2,Nacoes Shopping,NS
2025-08-21 00:00:00,IPHONE,0.0,0,0.0,0.0,0.0,11.44,5230,0,2.19,Nacoes Shopping,NS
2025-08-21 00:00:00,IPAD,0.0,0,0.0,0.0,0.0,0.03,11,0,2.73,Nacoes Shopping,NS
2025-08-22 00:00:00,ANDROID,0.0,0,0.0,0.0,0.0,18.69,7866,0,2.38,Nacoes Shopping,NS
2025-08-22 00:00:00,IPHONE,0.0,0,0.0,0.0,0.0,10.25,4628,0,2.21,Nacoes Shopping,NS
2025-08-22 00:00:00,IPAD,0.0,0,0.0,0.0,0.0,0.02,11,0,1.82,Nacoes Shopping,NS
2025-08-23 00:00:00,ANDROID,0.0,0,0.0,0.0,0.0,18.58,7987,0,2.33,Nacoes Shopping,NS
2025-08-23 00:00:00,IPHONE,0.0,0,0.0,0.0,0.0,10.75,4966,0,2.16,Nacoes Shopping,NS
2025-08-23 00:00:00,IPAD,0.0,0,0.0,0.0,0.0,0.02,7,0,2.86,Nacoes Shopping,NS
2025-08-24 00:00:00,ANDROID,0.0,0,0.0,0.0,0.0,16.76,7862,0,2.13,Nacoes Shopping,NS
2025-08-24 00:00:00,IPHONE,0.0,0,0.0,0.0,0.0,10.62,5136,0,2.07,Nacoes Shopping,NS
2025-08-24 00:00:00,IPAD,0.0,0,0.0,0.0,0.0,0.01,14,0,0.71,Nacoes Shopping,NS
2025-08-25 00:00:00,ANDROID,0.0,0,0.0,0.0,0.0,14.8,5990,0,2.47,Nacoes Shopping,NS
2025-08-25 00:00:00,IPHONE,0.0,0,0.0,0.0,0.0,7.96,3833,0,2.08,Nacoes Shopping,NS
2025-08-25 00:00:00,IPAD,0.0,0,0.0,0.0,0.0,0.03,15,0,2.0,Nacoes Shopping,NS
2025-08-26 00:00:00,ANDROID,0.0,0,0.0,0.0,0.0,14.8,6215,0,2.38,Nacoes Shopping,NS
2025-08-26 00:00:00,IPHONE,0.0,0,0.0,0.0,0.0,7.77,3419,0,2.27,Nacoes Shopping,NS
2025-08-26 00:00:00,IPAD,0.0,0,0.0,0.0,0.0,0.02,6,0,3.33,Nacoes Shopping,NS
2025-08-27 00:00:00,ANDROID,0.0,0,0.0,0.0,0.0,17.38,7064,0,2.46,Nacoes Shopping,NS
2025-08-27 00:00:00,IPHONE,0.0,0,0.0,0.0,0.0,8.18,3465,0,2.36,Nacoes Shopping,NS
2025-08-27 00:00:00,IPAD,0.0,0,0.0,0.0,0.0,0.03,10,0,3.0,Nacoes Shopping,NS
2025-08-28 00:00:00,ANDROID,0.0,0,0.0,0.0,0.0,15.99,6991,0,2.29,Nacoes Shopping,NS
2025-08-28 00:00:00,IPHONE,0.0,0,0.0,0.0,0.0,9.39,4310,0,2.18,Nacoes Shopping,NS
2025-08-28 00:00:00,IPAD,0.0,0,0.0,0.0,0.0,0.04,17,0,2.35,Nacoes Shopping,NS
2025-08-29 00:00:00,ANDROID,0.0,0,0.0,0.0,0.0,28.24,12750,0,2.21,Nacoes Shopping,NS
2025-08-29 00:00:00,IPHONE,0.0,0,0.0,0.0,0.0,17.81,8049,0,2.21,Nacoes Shopping,NS
2025-08-29 00:00:00,IPAD,0.0,0,0.0,0.0,0.0,0.07,19,0,3.68,Nacoes Shopping,NS
2025-08-30 00:00:00,ANDROID,0.0,0,0.0,0.0,0.0,31.72,14317,0,2.22,Nacoes Shopping,NS
2025-08-30 00:00:00,IPHONE,0.0,0,0.0,0.0,0.0,21.52,9352,0,2.3,Nacoes Shopping,NS
2025-08-30 00:00:00,IPAD,0.0,0,0.0,0.0,0.0,0.0,22,0,0.0,Nacoes Shopping,NS
2025-08-30 00:00:00,WAP,0.0,0,0.0,0.0,0.0,0.0,0,0,0.0,Nacoes Shopping,NS
2025-08-31 00:00:00,ANDROID,0.0,0,0.0,0.0,0.0,26.75,12434,0,2.15,Nacoes Shopping,NS
2025-08-31 00:00:00,IPHONE,0.0,0,0.0,0.0,0.0,18.82,8305,0,2.27,Nacoes Shopping,NS
2025-08-31 00:00:00,IPAD,0.0,0,0.0,0.0,0.0,0.0,13,0,0.0,Nacoes Shopping,NS
2025-09-01 00:00:00,ANDROID,0.0,0,0.0,0.0,0.0,23.25,12217,0,1.9,Nacoes Shopping,NS
2025-09-01 00:00:00,IPHONE,0.0,0,0.0,0.0,0.0,18.71,8984,0,2.08,Nacoes Shopping,NS
2025-09-01 00:00:00,IPAD,0.0,0,0.0,0.0,0.0,0.07,26,0,2.69,Nacoes Shopping,NS
2025-09-02 00:00:00,ANDROID,0.0,0,0.0,0.0,0.0,26.25,12261,0,2.14,Nacoes Shopping,NS
2025-09-02 00:00:00,IPHONE,0.0,0,0.0,0.0,0.0,15.66,7705,0,2.03,Nacoes Shopping,NS
2025-09-02 00:00:00,IPAD,0.0,0,0.0,0.0,0.0,0.07,35,0,2.0,Nacoes Shopping,NS
2025-09-03 00:00:00,ANDROID,0.0,0,0.0,0.0,0.0,28.3,12375,0,2.29,Nacoes Shopping,NS
2025-09-03 00:00:00,IPHONE,0.0,0,0.0,0.0,0.0,14.06,6081,0,2.31,Nacoes Shopping,NS
2025-09-03 00:00:00,IPAD,0.0,0,0.0,0.0,0.0,0.01,19,0,0.53,Nacoes Shopping,NS
2025-09-03 00:00:00,WAP,0.0,0,0.0,0.0,0.0,0.0,0,0,0.0,Nacoes Shopping,NS
2025-09-04 00:00:00,UNKNOWN,0.0,0,0.0,0.0,0.0,0.02,0,0,0.0,Nacoes Shopping,NS
2025-09-04 00:00:00,ANDROID,0.0,0,0.0,0.0,0.0,28.71,11751,0,2.44,Nacoes Shopping,NS
2025-09-04 00:00:00,IPHONE,0.0,0,0.0,0.0,0.0,14.37,5651,0,2.54,Nacoes Shopping,NS
2025-09-04 00:00:00,IPAD,0.0,0,0.0,0.0,0.0,0.03,19,0,1.58,Nacoes Shopping,NS
2025-09-04 00:00:00,WAP,0.0,0,0.0,0.0,0.0,0.0,0,0,0.0,Nacoes Shopping,NS
2025-09-05 00:00:00,ANDROID,0.0,0,0.0,0.0,0.0,28.92,12998,0,2.22,Nacoes Shopping,NS
2025-09-05 00:00:00,IPHONE,0.0,0,0.0,0.0,0.0,15.8,7211,0,2.19,Nacoes Shopping,NS
2025-09-05 00:00:00,IPAD,0.0,0,0.0,0.0,0.0,0.07,23,0,3.04,Nacoes Shopping,NS
2025-09-06 00:00:00,ANDROID,0.0,0,0.0,0.0,0.0,26.41,11920,0,2.22,Nacoes Shopping,NS
2025-09-06 00:00:00,IPHONE,0.0,0,0.0,0.0,0.0,15.49,7379,0,2.1,Nacoes Shopping,NS
2025-09-06 00:00:00,IPAD,0.0,0,0.0,0.0,0.0,0.06,23,0,2.61,Nacoes Shopping,NS
2025-09-07 00:00:00,ANDROID,0.0,0,0.0,0.0,0.0,27.27,11770,0,2.32,Nacoes Shopping,NS
2025-09-07 00:00:00,IPHONE,0.0,0,0.0,0.0,0.0,14.71,7090,0,2.07,Nacoes Shopping,NS
2025-09-07 00:00:00,IPAD,0.0,0,0.0,0.0,0.0,0.02,21,0,0.95,Nacoes Shopping,NS
2025-09-08 00:00:00,ANDROID,0.0,0,0.0,0.0,0.0,24.65,10935,0,2.25,Nacoes Shopping,NS
2025-09-08 00:00:00,IPHONE,0.0,0,0.0,0.0,0.0,16.19,7240,0,2.24,Nacoes Shopping,NS
2025-09-08 00:00:00,IPAD,0.0,0,0.0,0.0,0.0,0.05,23,0,2.17,Nacoes Shopping,NS
2025-09-09 00:00:00,ANDROID,0.0,0,0.0,0.0,0.0,32.72,14240,0,2.3,Nacoes Shopping,NS
2025-09-09 00:00:00,IPHONE,0.0,0,0.0,0.0,0.0,23.89,10065,0,2.37,Nacoes Shopping,NS
2025-09-09 00:00:00,IPAD,0.0,0,0.0,0.0,0.0,0.07,22,0,3.18,Nacoes Shopping,NS
2025-09-10 00:00:00,ANDROID,0.0,0,0.0,0.0,0.0,42.83,17363,0,2.47,Nacoes Shopping,NS
2025-09-10 00:00:00,IPHONE,0.0,0,0.0,0.0,0.0,33.79,12852,0,2.63,Nacoes Shopping,NS
2025-09-10 00:00:00,IPAD,0.0,0,0.0,0.0,0.0,0.1,30,0,3.33,Nacoes Shopping,NS
2025-09-11 00:00:00,ANDROID,0.0,0,0.0,0.0,0.0,43.12,16640,0,2.59,Nacoes Shopping,NS
2025-09-11 00:00:00,IPHONE,0.0,0,0.0,0.0,0.0,34.18,12183,0,2.81,Nacoes Shopping,NS
2025-09-11 00:00:00,IPAD,0.0,0,0.0,0.0,0.0,0.14,40,0,3.5,Nacoes Shopping,NS
2025-09-12 00:00:00,ANDROID,0.0,0,0.0,0.0,0.0,43.79,15905,0,2.75,Nacoes Shopping,NS
2025-09-12 00:00:00,IPHONE,0.0,0,0.0,0.0,0.0,32.32,11415,0,2.83,Nacoes Shopping,NS
2025-09-12 00:00:00,IPAD,0.0,0,0.0,0.0,0.0,0.06,40,0,1.5,Nacoes Shopping,NS
2025-09-13 00:00:00,ANDROID,0.0,0,0.0,0.0,0.0,17.66,5979,0,2.95,Nacoes Shopping,NS
2025-09-13 00:00:00,IPHONE,0.0,0,0.0,0.0,0.0,12.48,4286,0,2.91,Nacoes Shopping,NS
2025-09-13 00:00:00,IPAD,0.0,0,0.0,0.0,0.0,0.03,10,0,3.0,Nacoes Shopping,NS
2025-09-14 00:00:00,ANDROID,0.0,0,0.0,0.0,0.0,0.0,0,0,0.0,Nacoes Shopping,NS
2025-09-14 00:00:00,IPHONE,0.0,0,0.0,0.0,0.0,0.0,0,0,0.0,Nacoes Shopping,NS
2025-09-15 00:00:00,ANDROID,0.0,0,0.0,0.0,0.0,0.0,0,0,0.0,Nacoes Shopping,NS
2025-09-16 00:00:00,ANDROID,0.0,0,0.0,0.0,0.0,0.0,0,0,0.0,Nacoes Shopping,NS
2025-09-17 00:00:00,ANDROID,0.0,0,0.0,0.0,0.0,0.0,0,0,0.0,Nacoes Shopping,NS
2025-09-18 00:00:00,ANDROID,0.0,0,0.0,0.0,0.0,0.0,0,0,0.0,Nacoes Shopping,NS
2025-09-26 00:00:00,ANDROID,0.0,0,0.0,0.0,0.0,11.84,5083,0,2.33,Nacoes Shopping,NS
2025-09-26 00:00:00,IPHONE,0.0,0,0.0,0.0,0.0,8.28,3709,0,2.23,Nacoes Shopping,NS
2025-09-26 00:00:00,IPAD,0.0,0,0.0,0.0,0.0,0.03,7,0,4.29,Nacoes Shopping,NS
2025-09-27 00:00:00,ANDROID,0.0,0,0.0,0.0,0.0,24.48,10159,0,2.41,Nacoes Shopping,NS
2025-09-27 00:00:00,IPHONE,0.0,0,0.0,0.0,0.0,17.8,7302,0,2.44,Nacoes Shopping,NS
2025-09-27 00:00:00,IPAD,0.0,0,0.0,0.0,0.0,0.01,6,0,1.67,Nacoes Shopping,NS
2025-09-28 00:00:00,ANDROID,0.0,0,0.0,0.0,0.0,24.44,10632,0,2.3,Nacoes Shopping,NS
2025-09-28 00:00:00,IPHONE,0.0,0,0.0,0.0,0.0,18.31,7633,0,2.4,Nacoes Shopping,NS
2025-09-28 00:00:00,IPAD,0.0,0,0.0,0.0,0.0,0.03,16,0,1.88,Nacoes Shopping,NS
2025-09-29 00:00:00,ANDROID,0.0,0,0.0,0.0,0.0,25.51,10179,0,2.51,Nacoes Shopping,NS
2025-09-29 00:00:00,IPHONE,0.0,0,0.0,0.0,0.0,16.99,6903,0,2.46,Nacoes Shopping,NS
2025-09-29 00:00:00,IPAD,0.0,0,0.0,0.0,0.0,0.04,20,0,2.0,Nacoes Shopping,NS
2025-09-30 00:00:00,UNKNOWN,0.0,0,0.0,0.0,0.0,0.01,0,0,0.0,Nacoes Shopping,NS
2025-09-30 00:00:00,ANDROID,0.0,0,0.0,0.0,0.0,25.98,10364,0,2.51,Nacoes Shopping,NS
2025-09-30 00:00:00,IPHONE,0.0,0,0.0,0.0,0.0,15.54,6204,0,2.5,Nacoes Shopping,NS
2025-09-30 00:00:00,IPAD,0.0,0,0.0,0.0,0.0,0.03,16,0,1.88,Nacoes Shopping,NS
2025-10-01 00:00:00,UNKNOWN,0.0,0,0.0,0.0,0.0,0.01,0,0,0.0,Nacoes Shopping,NS
2025-10-01 00:00:00,ANDROID,0.0,0,0.0,0.0,0.0,20.9,10365,0,2.02,Nacoes Shopping,NS
2025-10-01 00:00:00,IPHONE,0.0,0,0.0,0.0,0.0,19.24,8731,0,2.2,Nacoes Shopping,NS
2025-10-01 00:00:00,IPAD,0.0,0,0.0,0.0,0.0,0.04,25,0,1.6,Nacoes Shopping,NS
2025-10-02 00:00:00,UNKNOWN,0.0,0,0.0,0.0,0.0,0.01,0,0,0.0,Nacoes Shopping,NS
2025-10-02 00:00:00,ANDROID,0.0,0,0.0,0.0,0.0,23.18,10956,0,2.12,Nacoes Shopping,NS
2025-10-02 00:00:00,IPHONE,0.0,0,0.0,0.0,0.0,17.53,7715,0,2.27,Nacoes Shopping,NS
2025-10-02 00:00:00,IPAD,0.0,0,0.0,0.0,0.0,0.03,15,0,2.0,Nacoes Shopping,NS
2025-10-03 00:00:00,ANDROID,0.0,0,0.0,0.0,0.0,24.13,11305,0,2.13,Nacoes Shopping,NS
2025-10-03 00:00:00,IPHONE,0.0,0,0.0,0.0,0.0,16.69,8029,0,2.08,Nacoes Shopping,NS
2025-10-03 00:00:00,IPAD,0.0,0,0.0,0.0,0.0,0.01,6,0,1.67,Nacoes Shopping,NS
2025-10-04 00:00:00,ANDROID,0.0,0,0.0,0.0,0.0,22.1,10799,0,2.05,Nacoes Shopping,NS
2025-10-04 00:00:00,IPHONE,0.0,0,0.0,0.0,0.0,16.37,8537,0,1.92,Nacoes Shopping,NS
2025-10-04 00:00:00,IPAD,0.0,0,0.0,0.0,0.0,0.0,6,0,0.0,Nacoes Shopping,NS
2025-10-05 00:00:00,ANDROID,0.0,0,0.0,0.0,0.0,21.17,10803,0,1.96,Nacoes Shopping,NS
2025-10-05 00:00:00,IPHONE,0.0,0,0.0,0.0,0.0,16.33,8421,0,1.94,Nacoes Shopping,NS
2025-10-05 00:00:00,IPAD,0.0,0,0.0,0.0,0.0,0.01,13,0,0.77,Nacoes Shopping,NS
2025-10-06 00:00:00,ANDROID,0.0,0,0.0,0.0,0.0,22.15,10535,0,2.1,Nacoes Shopping,NS
2025-10-06 00:00:00,IPHONE,0.0,0,0.0,0.0,0.0,15.22,7379,0,2.06,Nacoes Shopping,NS
2025-10-06 00:00:00,IPAD,0.0,0,0.0,0.0,0.0,0.02,12,0,1.67,Nacoes Shopping,NS
2025-10-07 00:00:00,UNKNOWN,0.0,0,0.0,0.0,0.0,0.02,0,0,0.0,Nacoes Shopping,NS
2025-10-07 00:00:00,ANDROID,0.0,0,0.0,0.0,0.0,23.44,10341,0,2.27,Nacoes Shopping,NS
2025-10-07 00:00:00,IPHONE,0.0,0,0.0,0.0,0.0,14.52,6712,0,2.16,Nacoes Shopping,NS
2025-10-07 00:00:00,IPAD,0.0,0,0.0,0.0,0.0,0.03,15,0,2.0,Nacoes Shopping,NS
2025-10-08 00:00:00,ANDROID,0.0,0,0.0,0.0,0.0,22.46,9723,0,2.31,Nacoes Shopping,NS
2025-10-08 00:00:00,IPHONE,0.0,0,0.0,0.0,0.0,14.81,6263,0,2.36,Nacoes Shopping,NS
2025-10-08 00:00:00,IPAD,0.0,0,0.0,0.0,0.0,0.02,9,0,2.22,Nacoes Shopping,NS
2025-10-09 00:00:00,UNKNOWN,0.0,0,0.0,0.0,0.0,0.01,0,0,0.0,Nacoes Shopping,NS
2025-10-09 00:00:00,ANDROID,0.0,0,0.0,0.0,0.0,21.18,9328,0,2.27,Nacoes Shopping,NS
2025-10-09 00:00:00,IPHONE,0.0,0,0.0,0.0,0.0,15.53,6626,0,2.34,Nacoes Shopping,NS
2025-10-09 00:00:00,IPAD,0.0,0,0.0,0.0,0.0,0.04,12,0,3.33,Nacoes Shopping,NS
2025-10-10 00:00:00,ANDROID,0.0,0,0.0,0.0,0.0,21.31,10019,0,2.13,Nacoes Shopping,NS
2025-10-10 00:00:00,IPHONE,0.0,0,0.0,0.0,0.0,16.23,7531,0,2.16,Nacoes Shopping,NS
2025-10-10 00:00:00,IPAD,0.0,0,0.0,0.0,0.0,0.04,16,0,2.5,Nacoes Shopping,NS
2025-10-11 00:00:00,ANDROID,0.0,0,0.0,0.0,0.0,19.5,9437,0,2.07,Nacoes Shopping,NS
2025-10-11 00:00:00,IPHONE,0.0,0,0.0,0.0,0.0,15.15,7650,0,1.98,Nacoes Shopping,NS
2025-10-11 00:00:00,IPAD,0.0,0,0.0,0.0,0.0,0.07,14,0,5.0,Nacoes Shopping,NS
2025-10-12 00:00:00,ANDROID,0.0,0,0.0,0.0,0.0,18.81,9399,0,2.0,Nacoes Shopping,NS
2025-10-12 00:00:00,IPHONE,0.0,0,0.0,0.0,0.0,16.02,8222,0,1.95,Nacoes Shopping,NS
2025-10-12 00:00:00,IPAD,0.0,0,0.0,0.0,0.0,0.03,15,0,2.0,Nacoes Shopping,NS
2025-10-13 00:00:00,ANDROID,0.0,0,0.0,0.0,0.0,19.07,8936,0,2.13,Nacoes Shopping,NS
2025-10-13 00:00:00,IPHONE,0.0,0,0.0,0.0,0.0,14.91,7227,0,2.06,Nacoes Shopping,NS
2025-10-13 00:00:00,IPAD,0.0,0,0.0,0.0,0.0,0.0,11,0,0.0,Nacoes Shopping,NS
2025-10-14 00:00:00,ANDROID,0.0,0,0.0,0.0,0.0,19.55,8874,0,2.2,Nacoes Shopping,NS
2025-10-14 00:00:00,IPHONE,0.0,0,0.0,0.0,0.0,14.37,6349,0,2.26,Nacoes Shopping,NS
2025-10-14 00:00:00,IPAD,0.0,0,0.0,0.0,0.0,0.02,13,0,1.54,Nacoes Shopping,NS
2025-10-15 00:00:00,ANDROID,0.0,0,0.0,0.0,0.0,19.88,8297,0,2.4,Nacoes Shopping,NS
2025-10-15 00:00:00,IPHONE,0.0,0,0.0,0.0,0.0,12.8,5594,0,2.29,Nacoes Shopping,NS
2025-10-15 00:00:00,IPAD,0.0,0,0.0,0.0,0.0,0.02,31,0,0.65,Nacoes Shopping,NS
2025-10-16 00:00:00,UNKNOWN,0.0,0,0.0,0.0,0.0,0.02,0,0,0.0,Nacoes Shopping,NS
2025-10-16 00:00:00,ANDROID,0.0,0,0.0,0.0,0.0,19.67,8187,0,2.4,Nacoes Shopping,NS
2025-10-16 00:00:00,IPHONE,0.0,0,0.0,0.0,0.0,13.4,5699,0,2.35,Nacoes Shopping,NS
2025-10-16 00:00:00,IPAD,0.0,0,0.0,0.0,0.0,0.05,29,0,1.72,Nacoes Shopping,NS
2025-10-17 00:00:00,ANDROID,0.0,0,0.0,0.0,0.0,19.28,8277,0,2.33,Nacoes Shopping,NS
2025-10-17 00:00:00,IPHONE,0.0,0,0.0,0.0,0.0,14.29,6355,0,2.25,Nacoes Shopping,NS
2025-10-17 00:00:00,IPAD,0.0,0,0.0,0.0,0.0,0.02,12,0,1.67,Nacoes Shopping,NS
2025-10-18 00:00:00,ANDROID,0.0,0,0.0,0.0,0.0,16.81,7911,0,2.12,Nacoes Shopping,NS
2025-10-18 00:00:00,IPHONE,0.0,0,0.0,0.0,0.0,14.1,6591,0,2.14,Nacoes Shopping,NS
2025-10-18 00:00:00,IPAD,0.0,0,0.0,0.0,0.0,0.03,14,0,2.14,Nacoes Shopping,NS
2025-10-19 00:00:00,ANDROID,0.0,0,0.0,0.0,0.0,16.76,7541,0,2.22,Nacoes Shopping,NS
2025-10-19 00:00:00,IPHONE,0.0,0,0.0,0.0,0.0,12.59,6245,0,2.02,Nacoes Shopping,NS
2025-10-19 00:00:00,IPAD,0.0,0,0.0,0.0,0.0,0.0,11,0,0.0,Nacoes Shopping,NS
2025-10-20 00:00:00,ANDROID,0.0,0,0.0,0.0,0.0,16.64,7283,0,2.28,Nacoes Shopping,NS
2025-10-20 00:00:00,IPHONE,0.0,0,0.0,0.0,0.0,11.88,5446,0,2.18,Nacoes Shopping,NS
2025-10-20 00:00:00,IPAD,0.0,0,0.0,0.0,0.0,0.02,8,0,2.5,Nacoes Shopping,NS
2025-10-21 00:00:00,UNKNOWN,0.0,0,0.0,0.0,0.0,0.01,0,0,0.0,Nacoes Shopping,NS
2025-10-21 00:00:00,ANDROID,0.0,0,0.0,0.0,0.0,16.27,6559,0,2.48,Nacoes Shopping,NS
2025-10-21 00:00:00,IPHONE,0.0,0,0.0,0.0,0.0,10.87,4470,0,2.43,Nacoes Shopping,NS
2025-10-21 00:00:00,IPAD,0.0,0,0.0,0.0,0.0,0.03,10,0,3.0,Nacoes Shopping,NS
2025-10-22 00:00:00,ANDROID,0.0,0,0.0,0.0,0.0,16.31,6145,0,2.65,Nacoes Shopping,NS
2025-10-22 00:00:00,IPHONE,0.0,0,0.0,0.0,0.0,8.9,3564,0,2.5,Nacoes Shopping,NS
2025-10-22 00:00:00,IPAD,0.0,0,0.0,0.0,0.0,0.03,13,0,2.31,Nacoes Shopping,NS
2025-10-23 00:00:00,UNKNOWN,0.0,0,0.0,0.0,0.0,0.01,0,0,0.0,Nacoes Shopping,NS
2025-10-23 00:00:00,ANDROID,0.0,0,0.0,0.0,0.0,14.72,5648,0,2.61,Nacoes Shopping,NS
2025-10-23 00:00:00,IPHONE,0.0,0,0.0,0.0,0.0,8.18,3340,0,2.45,Nacoes Shopping,NS
2025-10-23 00:00:00,IPAD,0.0,0,0.0,0.0,0.0,0.04,7,0,5.71,Nacoes Shopping,NS
2025-10-24 00:00:00,ANDROID,0.0,0,0.0,0.0,0.0,8.85,3594,0,2.46,Nacoes Shopping,NS
2025-10-24 00:00:00,IPHONE,0.0,0,0.0,0.0,0.0,5.06,2310,0,2.19,Nacoes Shopping,NS
2025-10-24 00:00:00,IPAD,0.0,0,0.0,0.0,0.0,0.02,6,0,3.33,Nacoes Shopping,NS
2025-10-25 00:00:00,ANDROID,0.0,0,0.0,0.0,0.0,5.08,2144,0,2.37,Nacoes Shopping,NS
2025-10-25 00:00:00,IPHONE,0.0,0,0.0,0.0,0.0,3.75,1854,0,2.02,Nacoes Shopping,NS
2025-10-25 00:00:00,IPAD,0.0,0,0.0,0.0,0.0,0.01,7,0,1.43,Nacoes Shopping,NS
2025-10-26 00:00:00,ANDROID,0.0,0,0.0,0.0,0.0,0.93,466,0,2.0,Nacoes Shopping,NS
2025-10-26 00:00:00,IPHONE,0.0,0,0.0,0.0,0.0,0.69,358,0,1.93,Nacoes Shopping,NS
2025-10-26 00:00:00,IPAD,0.0,0,0.0,0.0,0.0,0.01,1,0,10.0,Nacoes Shopping,NS
2025-10-27 00:00:00,ANDROID,0.0,0,0.0,0.0,0.0,0.0,0,0,0.0,Nacoes Shopping,NS
2025-10-30 00:00:00,ANDROID,0.03,3,0.0,0.0,9.36,28.08,8827,0,3.18,Nacoes Shopping,NS
2025-10-30 00:00:00,IPHONE,0.05,2,0.0,0.0,5.42,10.83,4410,0,2.46,Nacoes Shopping,NS
2025-10-30 00:00:00,IPAD,0.0,0,0.0,0.0,0.0,0.07,18,0,3.89,Nacoes Shopping,NS
2025-10-31 00:00:00,ANDROID,0.03,4,0.0,0.0,12.73,50.92,15930,0,3.2,Nacoes Shopping,NS
2025-10-31 00:00:00,IPHONE,0.04,4,0.0,0.0,6.63,26.53,9641,0,2.75,Nacoes Shopping,NS
2025-10-31 00:00:00,IPAD,2.13,1,0.0,0.0,0.19,0.19,47,0,4.04,Nacoes Shopping,NS
2025-11-01 00:00:00,ANDROID,0.06,11,0.0,0.0,4.23,46.56,17392,0,2.68,Nacoes Shopping,NS
2025-11-01 00:00:00,IPHONE,0.03,4,0.0,0.0,6.88,27.52,11535,0,2.39,Nacoes Shopping,NS
2025-11-01 00:00:00,IPAD,0.0,0,0.0,0.0,0.0,0.2,56,0,3.57,Nacoes Shopping,NS
2025-11-02 00:00:00,ANDROID,0.08,13,0.0,0.0,3.42,44.43,16465,0,2.7,Nacoes Shopping,NS
2025-11-02 00:00:00,IPHONE,0.07,8,0.0,0.0,3.03,24.26,11251,0,2.16,Nacoes Shopping,NS
2025-11-02 00:00:00,IPAD,0.0,0,0.0,0.0,0.0,0.12,45,0,2.67,Nacoes Shopping,NS
2025-11-03 00:00:00,ANDROID,0.02,3,0.0,0.0,15.22,45.65,16125,0,2.83,Nacoes Shopping,NS
2025-11-03 00:00:00,IPHONE,0.04,4,0.0,0.0,5.44,21.75,9604,0,2.26,Nacoes Shopping,NS
2025-11-03 00:00:00,IPAD,0.0,0,0.0,0.0,0.0,0.13,42,0,3.1,Nacoes Shopping,NS
2025-11-04 00:00:00,UNKNOWN,0.0,0,0.0,0.0,0.0,0.01,0,0,0.0,Nacoes Shopping,NS
2025-11-04 00:00:00,ANDROID,0.03,5,0.0,0.0,9.23,46.15,16799,0,2.75,Nacoes Shopping,NS
2025-11-04 00:00:00,IPHONE,0.05,5,0.0,0.0,4.58,22.88,9991,0,2.29,Nacoes Shopping,NS
2025-11-04 00:00:00,IPAD,0.0,0,0.0,0.0,0.0,0.27,67,0,4.03,Nacoes Shopping,NS
2025-11-05 00:00:00,ANDROID,0.05,8,0.0,0.0,5.45,43.63,15633,0,2.79,Nacoes Shopping,NS
2025-11-05 00:00:00,IPHONE,0.07,7,0.0,0.0,3.45,24.13,9570,0,2.52,Nacoes Shopping,NS
2025-11-05 00:00:00,IPAD,3.13,1,0.0,0.0,0.07,0.07,32,0,2.19,Nacoes Shopping,NS
2025-11-06 00:00:00,UNKNOWN,0.0,0,0.0,0.0,0.0,0.01,0,0,0.0,Nacoes Shopping,NS
2025-11-06 00:00:00,ANDROID,0.03,4,0.0,0.0,10.65,42.59,13998,0,3.04,Nacoes Shopping,NS
2025-11-06 00:00:00,IPHONE,0.08,7,0.0,0.0,3.21,22.49,8868,0,2.54,Nacoes Shopping,NS
2025-11-06 00:00:00,IPAD,0.0,0,0.0,0.0,0.0,0.15,49,0,3.06,Nacoes Shopping,NS
2025-11-07 00:00:00,ANDROID,0.03,4,0.0,0.0,9.7,38.81,12597,0,3.08,Nacoes Shopping,NS
2025-11-07 00:00:00,IPHONE,0.05,4,0.0,0.0,5.25,21.0,7840,0,2.68,Nacoes Shopping,NS
2025-11-07 00:00:00,IPAD,0.0,0,0.0,0.0,0.0,0.09,40,0,2.25,Nacoes Shopping,NS
2025-11-08 00:00:00,ANDROID,0.1,10,0.0,0.0,2.82,28.21,10349,0,2.73,Nacoes Shopping,NS
2025-11-08 00:00:00,IPHONE,0.07,5,0.0,0.0,3.58,17.88,7510,0,2.38,Nacoes Shopping,NS
2025-11-08 00:00:00,IPAD,0.0,0,0.0,0.0,0.0,0.07,26,0,2.69,Nacoes Shopping,NS
2025-11-09 00:00:00,ANDROID,0.0,0,0.0,0.0,0.0,24.52,8662,0,2.83,Nacoes Shopping,NS
2025-11-09 00:00:00,IPHONE,0.08,5,0.0,0.0,3.12,15.62,6384,0,2.45,Nacoes Shopping,NS
2025-11-09 00:00:00,IPAD,0.0,0,0.0,0.0,0.0,0.05,25,0,2.0,Nacoes Shopping,NS
2025-11-10 00:00:00,ANDROID,0.06,5,0.0,0.0,5.23,26.16,8552,0,3.06,Nacoes Shopping,NS
2025-11-10 00:00:00,IPHONE,0.07,4,0.0,0.0,3.81,15.23,6116,0,2.49,Nacoes Shopping,NS
2025-11-10 00:00:00,IPAD,0.0,0,0.0,0.0,0.0,0.09,12,0,7.5,Nacoes Shopping,NS
2025-11-11 00:00:00,UNKNOWN,0.0,0,0.0,0.0,0.0,0.0,0,0,0.0,Nacoes Shopping,NS
2025-11-11 00:00:00,ANDROID,5.62,868,0.0,0.0,0.08,71.17,15458,0,4.6,Nacoes Shopping,NS
2025-11-11 00:00:00,IPHONE,0.16,7,0.0,0.0,2.11,14.74,4386,0,3.36,Nacoes Shopping,NS
2025-11-11 00:00:00,IPAD,0.0,0,0.0,0.0,0.0,0.27,18,0,15.0,Nacoes Shopping,NS
2025-11-12 00:00:00,UNKNOWN,0.0,0,0.0,0.0,0.0,0.0,0,0,0.0,Nacoes Shopping,NS
2025-11-12 00:00:00,ANDROID,6.37,926,0.0,0.0,0.07,65.84,14540,0,4.53,Nacoes Shopping,NS
2025-11-12 00:00:00,IPHONE,0.26,11,0.0,0.0,1.31,14.42,4250,0,3.39,Nacoes Shopping,NS
2025-11-12 00:00:00,IPAD,0.0,0,0.0,0.0,0.0,0.05,11,0,4.55,Nacoes Shopping,NS
2025-11-13 00:00:00,UNKNOWN,0.0,0,0.0,0.0,0.0,0.0,0,0,0.0,Nacoes Shopping,NS
2025-11-13 00:00:00,ANDROID,8.41,1218,0.0,0.0,0.06,74.2,14482,0,5.12,Nacoes Shopping,NS
2025-11-13 00:00:00,IPHONE,0.23,9,0.0,0.0,1.5,13.52,3846,0,3.52,Nacoes Shopping,NS
2025-11-13 00:00:00,IPAD,0.0,0,0.0,0.0,0.0,0.05,16,0,3.13,Nacoes Shopping,NS
2025-11-14 00:00:00,UNKNOWN,0.0,0,0.0,0.0,0.0,0.01,0,0,0.0,Nacoes Shopping,NS
2025-11-14 00:00:00,ANDROID,9.96,1330,0.0,0.0,0.06,77.91,13351,0,5.84,Nacoes Shopping,NS
2025-11-14 00:00:00,IPHONE,0.11,4,0.0,0.0,3.11,12.44,3599,0,3.46,Nacoes Shopping,NS
2025-11-14 00:00:00,IPAD,0.0,0,0.0,0.0,0.0,0.03,7,0,4.29,Nacoes Shopping,NS
2025-11-15 00:00:00,UNKNOWN,0.0,0,0.0,0.0,0.0,0.0,1,0,0.0,Nacoes Shopping,NS
2025-11-15 00:00:00,ANDROID,5.85,742,0.0,0.0,0.08,60.02,12675,0,4.74,Nacoes Shopping,NS
2025-11-15 00:00:00,IPHONE,0.33,14,0.0,0.0,1.22,17.01,4220,0,4.03,Nacoes Shopping,NS
2025-11-15 00:00:00,IPAD,0.0,0,0.0,0.0,0.0,0.04,25,0,1.6,Nacoes Shopping,NS
2025-11-16 00:00:00,UNKNOWN,0.0,0,0.0,0.0,0.0,0.0,0,0,0.0,Nacoes Shopping,NS
2025-11-16 00:00:00,ANDROID,8.08,1050,0.0,0.0,0.06,65.3,12990,0,5.03,Nacoes Shopping,NS
2025-11-16 00:00:00,IPHONE,0.21,8,0.0,0.0,1.93,15.47,3839,0,4.03,Nacoes Shopping,NS
2025-11-16 00:00:00,IPAD,0.0,0,0.0,0.0,0.0,0.02,16,0,1.25,Nacoes Shopping,NS
2025-11-17 00:00:00,UNKNOWN,0.0,0,0.0,0.0,0.0,0.01,0,0,0.0,Nacoes Shopping,NS
2025-11-17 00:00:00,ANDROID,8.31,1032,0.0,0.0,0.06,64.25,12412,0,5.18,Nacoes Shopping,NS
2025-11-17 00:00:00,IPHONE,0.14,5,0.0,0.0,2.59,12.96,3651,0,3.55,Nacoes Shopping,NS
2025-11-17 00:00:00,IPAD,0.0,0,0.0,0.0,0.0,0.01,8,0,1.25,Nacoes Shopping,NS
2025-11-18 00:00:00,UNKNOWN,0.0,0,0.0,0.0,0.0,0.0,1,0,0.0,Nacoes Shopping,NS
2025-11-18 00:00:00,ANDROID,5.74,610,0.0,0.0,0.1,60.16,10623,0,5.66,Nacoes Shopping,NS
2025-11-18 00:00:00,IPHONE,0.31,14,0.0,0.0,0.98,13.76,4462,0,3.08,Nacoes Shopping,NS
2025-11-18 00:00:00,IPAD,0.0,0,0.0,0.0,0.0,0.01,14,0,0.71,Nacoes Shopping,NS
2025-11-19 00:00:00,UNKNOWN,0.0,0,0.0,0.0,0.0,0.0,0,0,0.0,Nacoes Shopping,NS
2025-11-19 00:00:00,ANDROID,8.14,874,0.0,0.0,0.07,61.67,10735,0,5.74,Nacoes Shopping,NS
2025-11-19 00:00:00,IPHONE,0.32,12,0.0,0.0,1.3,15.57,3755,0,4.15,Nacoes Shopping,NS
2025-11-19 00:00:00,IPAD,0.0,0,0.0,0.0,0.0,0.01,9,0,1.11,Nacoes Shopping,NS
2025-11-20 00:00:00,UNKNOWN,0.0,0,0.0,0.0,0.0,0.0,0,0,0.0,Nacoes Shopping,NS
2025-11-20 00:00:00,ANDROID,7.47,854,0.0,0.0,0.07,57.89,11434,0,5.06,Nacoes Shopping,NS
2025-11-20 00:00:00,IPHONE,0.41,16,0.0,0.0,1.04,16.56,3875,0,4.27,Nacoes Shopping,NS
2025-11-20 00:00:00,IPAD,0.0,0,0.0,0.0,0.0,0.04,12,0,3.33,Nacoes Shopping,NS
2025-11-21 00:00:00,UNKNOWN,0.0,0,0.0,0.0,0.0,0.0,0,0,0.0,Nacoes Shopping,NS
2025-11-21 00:00:00,ANDROID,7.0,821,0.0,0.0,0.07,53.88,11723,0,4.6,Nacoes Shopping,NS
2025-11-21 00:00:00,IPHONE,0.24,8,0.0,0.0,1.48,11.87,3271,0,3.63,Nacoes Shopping,NS
2025-11-21 00:00:00,IPAD,0.0,0,0.0,0.0,0.0,0.02,12,0,1.67,Nacoes Shopping,NS
2025-11-22 00:00:00,UNKNOWN,0.0,0,0.0,0.0,0.0,0.01,0,0,0.0,Nacoes Shopping,NS
2025-11-22 00:00:00,ANDROID,7.25,837,0.0,0.0,0.06,52.76,11548,0,4.57,Nacoes Shopping,NS
2025-11-22 00:00:00,IPHONE,0.19,6,0.0,0.0,1.93,11.58,3159,0,3.67,Nacoes Shopping,NS
2025-11-22 00:00:00,IPAD,0.0,0,0.0,0.0,0.0,0.05,11,0,4.55,Nacoes Shopping,NS
2025-11-23 00:00:00,UNKNOWN,0.0,0,0.0,0.0,0.0,0.0,0,0,0.0,Nacoes Shopping,NS
2025-11-23 00:00:00,ANDROID,6.87,893,0.0,0.0,0.06,54.16,12995,0,4.17,Nacoes Shopping,NS
2025-11-23 00:00:00,IPHONE,0.21,7,0.0,0.0,1.63,11.4,3389,0,3.36,Nacoes Shopping,NS
2025-11-23 00:00:00,IPAD,0.0,0,0.0,0.0,0.0,0.02,5,0,4.0,Nacoes Shopping,NS
2025-11-24 00:00:00,UNKNOWN,0.0,0,0.0,0.0,0.0,0.0,0,0,0.0,Nacoes Shopping,NS
2025-11-24 00:00:00,ANDROID,8.38,839,0.0,0.0,0.06,51.76,10007,0,5.17,Nacoes Shopping,NS
2025-11-24 00:00:00,IPHONE,0.37,11,0.0,0.0,0.96,10.54,2940,0,3.59,Nacoes Shopping,NS
2025-11-24 00:00:00,IPAD,0.0,0,0.0,0.0,0.0,0.02,7,0,2.86,Nacoes Shopping,NS
2025-11-25 00:00:00,UNKNOWN,0.0,0,0.0,0.0,0.0,0.0,0,0,0.0,Nacoes Shopping,NS
2025-11-25 00:00:00,ANDROID,3.9,781,0.0,0.0,0.1,78.77,20044,0,3.93,Nacoes Shopping,NS
2025-11-25 00:00:00,IPHONE,0.1,9,0.0,0.0,2.91,26.22,9216,0,2.85,Nacoes Shopping,NS
2025-11-25 00:00:00,IPAD,0.0,0,0.0,0.0,0.0,0.01,15,0,0.67,Nacoes Shopping,NS
2025-11-26 00:00:00,UNKNOWN,0.0,0,0.0,0.0,0.0,0.0,0,0,0.0,Nacoes Shopping,NS
2025-11-26 00:00:00,ANDROID,3.29,809,0.0,0.0,0.11,88.59,24612,0,3.6,Nacoes Shopping,NS
2025-11-26 00:00:00,IPHONE,0.02,2,0.0,0.0,15.96,31.92,11120,0,2.87,Nacoes Shopping,NS
2025-11-26 00:00:00,IPAD,0.0,0,0.0,0.0,0.0,0.07,19,0,3.68,Nacoes Shopping,NS
2025-11-27 00:00:00,UNKNOWN,0.0,0,0.0,0.0,0.0,0.0,0,0,0.0,Nacoes Shopping,NS
2025-11-27 00:00:00,ANDROID,2.86,690,0.0,0.0,0.14,95.56,24095,0,3.97,Nacoes Shopping,NS
2025-11-27 00:00:00,IPHONE,0.06,6,0.0,0.0,6.04,36.25,10780,0,3.36,Nacoes Shopping,NS
2025-11-27 00:00:00,IPAD,0.0,0,0.0,0.0,0.0,0.09,26,0,3.46,Nacoes Shopping,NS
2025-11-28 00:00:00,UNKNOWN,0.0,0,0.0,0.0,0.0,0.0,0,0,0.0,Nacoes Shopping,NS
2025-11-28 00:00:00,ANDROID,3.26,709,0.0,0.0,0.13,94.6,21746,0,4.35,Nacoes Shopping,NS
2025-11-28 00:00:00,IPHONE,0.08,7,0.0,0.0,4.45,31.13,8654,0,3.6,Nacoes Shopping,NS
2025-11-28 00:00:00,IPAD,0.0,0,0.0,0.0,0.0,0.15,27,0,5.56,Nacoes Shopping,NS
2025-11-29 00:00:00,UNKNOWN,0.0,0,0.0,0.0,0.0,0.0,0,0,0.0,Nacoes Shopping,NS
2025-11-29 00:00:00,ANDROID,3.75,877,0.0,0.0,0.11,94.86,23360,0,4.06,Nacoes Shopping,NS
2025-11-29 00:00:00,IPHONE,0.07,7,0.0,0.0,4.82,33.74,9656,0,3.49,Nacoes Shopping,NS
2025-11-29 00:00:00,IPAD,0.0,0,0.0,0.0,0.0,0.03,13,0,2.31,Nacoes Shopping,NS
2025-11-30 00:00:00,UNKNOWN,0.0,0,0.0,0.0,0.0,0.0,0,0,0.0,Nacoes Shopping,NS
2025-11-30 00:00:00,ANDROID,6.91,1005,0.0,0.0,0.06,62.74,14534,0,4.32,Nacoes Shopping,NS
2025-11-30 00:00:00,IPHONE,0.2,10,0.0,0.0,1.7,16.95,4887,0,3.47,Nacoes Shopping,NS
2025-11-30 00:00:00,IPAD,0.0,0,0.0,0.0,0.0,0.0,1,0,0.0,Nacoes Shopping,NS
2025-12-01 00:00:00,UNKNOWN,0.0,0,0.0,0.0,0.0,0.02,0,0,0.0,Nacoes Shopping,NS
2025-12-01 00:00:00,ANDROID,6.35,955,0.0,0.0,0.06,53.89,15036,0,3.58,Nacoes Shopping,NS
2025-12-01 00:00:00,IPHONE,0.28,13,0.0,0.0,1.17,15.18,4567,0,3.32,Nacoes Shopping,NS
2025-12-01 00:00:00,IPAD,0.0,0,0.0,0.0,0.0,0.04,6,0,6.67,Nacoes Shopping,NS
2025-12-02 00:00:00,UNKNOWN,0.0,0,0.0,0.0,0.0,0.0,0,0,0.0,Nacoes Shopping,NS
2025-12-02 00:00:00,ANDROID,6.91,1020,0.0,0.0,0.06,57.97,14759,0,3.93,Nacoes Shopping,NS
2025-12-02 00:00:00,IPHONE,0.38,19,0.0,0.0,0.78,14.74,4938,0,2.99,Nacoes Shopping,NS
2025-12-02 00:00:00,IPAD,5.56,1,0.0,0.0,0.04,0.04,18,0,2.22,Nacoes Shopping,NS
2025-12-03 00:00:00,UNKNOWN,0.0,0,0.0,0.0,0.0,0.0,0,0,0.0,Nacoes Shopping,NS
2025-12-03 00:00:00,ANDROID,5.86,1002,0.0,0.0,0.06,57.42,17095,0,3.36,Nacoes Shopping,NS
2025-12-03 00:00:00,IPHONE,0.33,22,0.0,0.0,0.86,18.83,6710,0,2.81,Nacoes Shopping,NS
2025-12-03 00:00:00,IPAD,0.0,0,0.0,0.0,0.0,0.04,15,0,2.67,Nacoes Shopping,NS
2025-12-04 00:00:00,UNKNOWN,0.0,0,0.0,0.0,0.0,0.0,0,0,0.0,Nacoes Shopping,NS
2025-12-04 00:00:00,ANDROID,4.81,1012,0.0,0.0,0.07,69.44,21044,0,3.3,Nacoes Shopping,NS
2025-12-04 00:00:00,IPHONE,0.31,25,0.0,0.0,0.87,21.67,8132,0,2.66,Nacoes Shopping,NS
2025-12-04 00:00:00,IPAD,0.0,0,0.0,0.0,0.0,0.03,32,0,0.94,Nacoes Shopping,NS
2025-12-05 00:00:00,UNKNOWN,0.0,0,0.0,0.0,0.0,0.02,0,0,0.0,Nacoes Shopping,NS
2025-12-05 00:00:00,ANDROID,4.51,886,0.0,0.0,0.08,68.31,19657,0,3.48,Nacoes Shopping,NS
2025-12-05 00:00:00,IPHONE,0.23,19,0.0,0.0,1.21,23.02,8117,0,2.84,Nacoes Shopping,NS
2025-12-05 00:00:00,IPAD,0.0,0,0.0,0.0,0.0,0.09,34,0,2.65,Nacoes Shopping,NS
2025-12-06 00:00:00,UNKNOWN,0.0,0,0.0,0.0,0.0,0.02,0,0,0.0,Nacoes Shopping,NS
2025-12-06 00:00:00,ANDROID,5.53,995,0.0,0.0,0.07,72.16,17997,0,4.01,Nacoes Shopping,NS
2025-12-06 00:00:00,IPHONE,0.29,23,0.0,0.0,1.09,25.05,8015,0,3.13,Nacoes Shopping,NS
2025-12-06 00:00:00,IPAD,0.0,0,0.0,0.0,0.0,0.04,21,0,1.9,Nacoes Shopping,NS
2025-12-07 00:00:00,UNKNOWN,0.0,0,0.0,0.0,0.0,0.0,0,0,0.0,Nacoes Shopping,NS
2025-12-07 00:00:00,ANDROID,4.54,814,0.0,0.0,0.08,67.1,17918,0,3.74,Nacoes Shopping,NS
2025-12-07 00:00:00,IPHONE,0.41,34,0.0,0.0,0.8,27.16,8382,0,3.24,Nacoes Shopping,NS
2025-12-07 00:00:00,IPAD,0.0,0,0.0,0.0,0.0,0.07,15,0,4.67,Nacoes Shopping,NS
2025-12-08 00:00:00,UNKNOWN,0.0,0,0.0,0.0,0.0,0.0,0,0,0.0,Nacoes Shopping,NS
2025-12-08 00:00:00,ANDROID,5.06,1028,0.0,0.0,0.07,72.72,20298,0,3.58,Nacoes Shopping,NS
2025-12-08 00:00:00,IPHONE,0.31,28,0.0,0.0,0.94,26.41,9076,0,2.91,Nacoes Shopping,NS
2025-12-08 00:00:00,IPAD,6.67,1,0.0,0.0,0.31,0.31,15,0,20.67,Nacoes Shopping,NS
2025-12-09 00:00:00,UNKNOWN,0.0,0,0.0,0.0,0.0,0.0,0,0,0.0,Nacoes Shopping,NS
2025-12-09 00:00:00,ANDROID,4.61,1006,0.0,0.0,0.07,72.42,21812,0,3.32,Nacoes Shopping,NS
2025-12-09 00:00:00,IPHONE,0.24,21,0.0,0.0,1.03,21.72,8840,0,2.46,Nacoes Shopping,NS
2025-12-09 00:00:00,IPAD,0.0,0,0.0,0.0,0.0,0.04,20,0,2.0,Nacoes Shopping,NS
2025-12-10 00:00:00,UNKNOWN,0.0,0,0.0,0.0,0.0,0.0,0,0,0.0,Nacoes Shopping,NS
2025-12-10 00:00:00,ANDROID,3.4,708,0.0,0.0,0.1,68.5,20793,0,3.29,Nacoes Shopping,NS
2025-12-10 00:00:00,IPHONE,0.37,36,0.0,0.0,0.69,24.93,9791,0,2.55,Nacoes Shopping,NS
2025-12-10 00:00:00,IPAD,0.0,0,0.0,0.0,0.0,0.02,31,0,0.65,Nacoes Shopping,NS
2025-12-11 00:00:00,UNKNOWN,0.0,0,0.0,0.0,0.0,0.02,0,0,0.0,Nacoes Shopping,NS
2025-12-11 00:00:00,ANDROID,3.74,744,0.0,0.0,0.1,71.97,19882,0,3.62,Nacoes Shopping,NS
2025-12-11 00:00:00,IPHONE,0.26,23,0.0,0.0,0.97,22.39,8900,0,2.52,Nacoes Shopping,NS
2025-12-11 00:00:00,IPAD,0.0,0,0.0,0.0,0.0,0.11,33,0,3.33,Nacoes Shopping,NS
2025-12-12 00:00:00,UNKNOWN,0.0,0,0.0,0.0,0.0,0.01,0,0,0.0,Nacoes Shopping,NS
2025-12-12 00:00:00,ANDROID,5.94,1236,0.0,0.0,0.06,80.21,20796,0,3.86,Nacoes Shopping,NS
2025-12-12 00:00:00,IPHONE,0.27,22,0.0,0.0,0.98,21.46,8194,0,2.62,Nacoes Shopping,NS
2025-12-12 00:00:00,IPAD,0.0,0,0.0,0.0,0.0,0.05,24,0,2.08,Nacoes Shopping,NS
2025-12-13 00:00:00,UNKNOWN,0.0,0,0.0,0.0,0.0,0.0,0,0,0.0,Nacoes Shopping,NS
2025-12-13 00:00:00,ANDROID,4.31,914,0.0,0.0,0.08,70.41,21208,0,3.32,Nacoes Shopping,NS
2025-12-13 00:00:00,IPHONE,0.26,23,0.0,0.0,0.96,22.1,8755,0,2.52,Nacoes Shopping,NS
2025-12-13 00:00:00,IPAD,0.0,0,0.0,0.0,0.0,0.03,16,0,1.88,Nacoes Shopping,NS
2025-12-14 00:00:00,UNKNOWN,0.0,0,0.0,0.0,0.0,0.0,0,0,0.0,Nacoes Shopping,NS
2025-12-14 00:00:00,ANDROID,5.27,1121,0.0,0.0,0.06,71.22,21271,0,3.35,Nacoes Shopping,NS
2025-12-14 00:00:00,IPHONE,0.22,20,0.0,0.0,1.06,21.24,9294,0,2.29,Nacoes Shopping,NS
2025-12-14 00:00:00,IPAD,5.56,1,0.0,0.0,0.11,0.11,18,0,6.11,Nacoes Shopping,NS
2025-12-15 00:00:00,UNKNOWN,0.0,0,0.0,0.0,0.0,0.0,0,0,0.0,Nacoes Shopping,NS
2025-12-15 00:00:00,ANDROID,4.51,937,0.0,0.0,0.07,66.92,20799,0,3.22,Nacoes Shopping,NS
2025-12-15 00:00:00,IPHONE,0.28,27,0.0,0.0,0.78,21.03,9582,0,2.19,Nacoes Shopping,NS
2025-12-15 00:00:00,IPAD,0.0,0,0.0,0.0,0.0,0.11,40,0,2.75,Nacoes Shopping,NS
2025-12-16 00:00:00,UNKNOWN,0.0,0,0.0,0.0,0.0,0.01,0,0,0.0,Nacoes Shopping,NS
2025-12-16 00:00:00,ANDROID,5.11,1018,0.0,0.0,0.06,64.1,19914,0,3.22,Nacoes Shopping,NS
2025-12-16 00:00:00,IPHONE,0.14,12,0.0,0.0,1.73,20.7,8436,0,2.45,Nacoes Shopping,NS
2025-12-16 00:00:00,IPAD,0.0,0,0.0,0.0,0.0,0.13,28,0,4.64,Nacoes Shopping,NS
2025-12-17 00:00:00,UNKNOWN,0.0,0,0.0,0.0,0.0,0.01,0,0,0.0,Nacoes Shopping,NS
2025-12-17 00:00:00,ANDROID,3.97,834,0.0,0.0,0.08,64.48,21033,0,3.07,Nacoes Shopping,NS
2025-12-17 00:00:00,IPHONE,0.07,5,0.0,0.0,3.8,18.98,7094,0,2.68,Nacoes Shopping,NS
2025-12-17 00:00:00,IPAD,0.0,0,0.0,0.0,0.0,0.01,13,0,0.77,Nacoes Shopping,NS
2025-12-18 00:00:00,UNKNOWN,0.0,0,0.0,0.0,0.0,0.01,0,0,0.0,Nacoes Shopping,NS
2025-12-18 00:00:00,ANDROID,4.53,827,0.0,0.0,0.07,61.66,18256,0,3.38,Nacoes Shopping,NS
2025-12-18 00:00:00,IPHONE,0.16,11,0.0,0.0,1.68,18.46,6743,0,2.74,Nacoes Shopping,NS
2025-12-18 00:00:00,IPAD,0.0,0,0.0,0.0,0.0,0.01,11,0,0.91,Nacoes Shopping,NS
2025-12-19 00:00:00,UNKNOWN,0.0,0,0.0,0.0,0.0,0.03,0,0,0.0,Nacoes Shopping,NS
2025-12-19 00:00:00,ANDROID,5.03,971,0.0,0.0,0.07,64.74,19312,0,3.35,Nacoes Shopping,NS
2025-12-19 00:00:00,IPHONE,0.39,25,0.0,0.0,0.73,18.22,6407,0,2.84,Nacoes Shopping,NS
2025-12-19 00:00:00,IPAD,0.0,0,0.0,0.0,0.0,0.04,12,0,3.33,Nacoes Shopping,NS
2025-12-20 00:00:00,UNKNOWN,0.0,0,0.0,0.0,0.0,0.0,0,0,0.0,Nacoes Shopping,NS
2025-12-20 00:00:00,ANDROID,4.57,853,0.0,0.0,0.08,65.29,18652,0,3.5,Nacoes Shopping,NS
2025-12-20 00:00:00,IPHONE,0.08,5,0.0,0.0,3.46,17.3,6424,0,2.69,Nacoes Shopping,NS
2025-12-20 00:00:00,IPAD,0.0,0,0.0,0.0,0.0,0.05,28,0,1.79,Nacoes Shopping,NS
2025-12-21 00:00:00,UNKNOWN,0.0,0,0.0,0.0,0.0,0.01,0,0,0.0,Nacoes Shopping,NS
2025-12-21 00:00:00,ANDROID,3.76,784,0.0,0.0,0.08,64.6,20873,0,3.09,Nacoes Shopping,NS
2025-12-21 00:00:00,IPHONE,0.21,15,0.0,0.0,1.19,17.89,7098,0,2.52,Nacoes Shopping,NS
2025-12-21 00:00:00,IPAD,0.0,0,0.0,0.0,0.0,0.07,20,0,3.5,Nacoes Shopping,NS
2025-12-22 00:00:00,UNKNOWN,0.0,0,0.0,0.0,0.0,0.01,0,0,0.0,Nacoes Shopping,NS
2025-12-22 00:00:00,ANDROID,4.97,974,0.0,0.0,0.07,64.36,19609,0,3.28,Nacoes Shopping,NS
2025-12-22 00:00:00,IPHONE,0.03,2,0.0,0.0,8.62,17.24,7293,0,2.36,Nacoes Shopping,NS
2025-12-22 00:00:00,IPAD,0.0,0,0.0,0.0,0.0,0.13,24,0,5.42,Nacoes Shopping,NS
2025-12-23 00:00:00,UNKNOWN,0.0,0,0.0,0.0,0.0,0.01,0,0,0.0,Nacoes Shopping,NS
2025-12-23 00:00:00,ANDROID,4.26,775,0.0,0.0,0.08,63.51,18179,0,3.49,Nacoes Shopping,NS
2025-12-23 00:00:00,IPHONE,0.05,4,0.0,0.0,4.58,18.32,7675,0,2.39,Nacoes Shopping,NS
2025-12-23 00:00:00,IPAD,0.0,0,0.0,0.0,0.0,0.04,21,0,1.9,Nacoes Shopping,NS
2025-12-24 00:00:00,UNKNOWN,0.0,0,0.0,0.0,0.0,0.0,0,0,0.0,Nacoes Shopping,NS
2025-12-24 00:00:00,ANDROID,3.76,863,0.0,0.0,0.07,62.18,22961,0,2.71,Nacoes Shopping,NS
2025-12-24 00:00:00,IPHONE,0.04,3,0.0,0.0,5.9,17.7,7458,0,2.37,Nacoes Shopping,NS
2025-12-24 00:00:00,IPAD,0.0,0,0.0,0.0,0.0,0.07,21,0,3.33,Nacoes Shopping,NS
2025-12-25 00:00:00,UNKNOWN,0.0,0,0.0,0.0,0.0,0.03,0,0,0.0,Nacoes Shopping,NS
2025-12-25 00:00:00,ANDROID,4.67,1050,0.0,0.0,0.06,61.91,22471,0,2.76,Nacoes Shopping,NS
2025-12-25 00:00:00,IPHONE,0.15,12,0.0,0.0,1.42,17.02,8113,0,2.1,Nacoes Shopping,NS
2025-12-25 00:00:00,IPAD,0.0,0,0.0,0.0,0.0,0.03,16,0,1.88,Nacoes Shopping,NS
2025-12-26 00:00:00,UNKNOWN,0.0,0,0.0,0.0,0.0,0.0,0,0,0.0,Nacoes Shopping,NS
2025-12-26 00:00:00,ANDROID,4.47,996,0.0,0.0,0.06,57.32,22274,0,2.57,Nacoes Shopping,NS
2025-12-26 00:00:00,IPHONE,0.14,12,0.0,0.0,1.46,17.49,8447,0,2.07,Nacoes Shopping,NS
2025-12-26 00:00:00,IPAD,0.0,0,0.0,0.0,0.0,0.01,9,0,1.11,Nacoes Shopping,NS
2025-12-27 00:00:00,UNKNOWN,0.0,0,0.0,0.0,0.0,0.03,0,0,0.0,Nacoes Shopping,NS
2025-12-27 00:00:00,ANDROID,5.55,1412,0.0,0.0,0.05,67.68,25447,0,2.66,Nacoes Shopping,NS
2025-12-27 00:00:00,IPHONE,0.23,19,0.0,0.0,0.93,17.73,8100,0,2.19,Nacoes Shopping,NS
2025-12-27 00:00:00,IPAD,0.0,0,0.0,0.0,0.0,0.08,26,0,3.08,Nacoes Shopping,NS
2025-12-28 00:00:00,UNKNOWN,0.0,0,0.0,0.0,0.0,0.05,0,0,0.0,Nacoes Shopping,NS
2025-12-28 00:00:00,ANDROID,6.14,1521,0.0,0.0,0.04,67.78,24775,0,2.74,Nacoes Shopping,NS
2025-12-28 00:00:00,IPHONE,0.08,6,0.0,0.0,2.53,15.19,7300,0,2.08,Nacoes Shopping,NS
2025-12-28 00:00:00,IPAD,0.0,0,0.0,0.0,0.0,0.07,23,0,3.04,Nacoes Shopping,NS
2025-12-29 00:00:00,UNKNOWN,0.0,0,0.0,0.0,0.0,0.0,0,0,0.0,Nacoes Shopping,NS
2025-12-29 00:00:00,ANDROID,6.22,1573,0.0,0.0,0.04,62.91,25298,0,2.49,Nacoes Shopping,NS
2025-12-29 00:00:00,IPHONE,0.07,6,0.0,0.0,2.73,16.39,8247,0,1.99,Nacoes Shopping,NS
2025-12-29 00:00:00,IPAD,0.0,0,0.0,0.0,0.0,0.07,31,0,2.26,Nacoes Shopping,NS
2025-12-30 00:00:00,UNKNOWN,0.0,0,0.0,0.0,0.0,0.0,0,0,0.0,Nacoes Shopping,NS
2025-12-30 00:00:00,ANDROID,7.24,1632,0.0,0.0,0.04,59.32,22534,0,2.63,Nacoes Shopping,NS
2025-12-30 00:00:00,IPHONE,0.03,2,0.0,0.0,7.15,14.29,6871,0,2.08,Nacoes Shopping,NS
2025-12-30 00:00:00,IPAD,0.0,0,0.0,0.0,0.0,0.02,16,0,1.25,Nacoes Shopping,NS
2025-12-31 00:00:00,UNKNOWN,0.0,0,0.0,0.0,0.0,0.01,0,0,0.0,Nacoes Shopping,NS
2025-12-31 00:00:00,ANDROID,6.75,1091,0.0,0.0,0.04,39.31,16153,0,2.43,Nacoes Shopping,NS
2025-12-31 00:00:00,IPHONE,0.05,3,0.0,0.0,3.63,10.88,5491,0,1.98,Nacoes Shopping,NS
2025-12-31 00:00:00,IPAD,0.0,0,0.0,0.0,0.0,0.06,10,0,6.0,Nacoes Shopping,NS
2026-01-01 00:00:00,ANDROID,9.52,4,0.0,0.0,0.0,0.0,42,0,0.0,Nacoes Shopping,NS
2026-01-01 00:00:00,IPHONE,0.0,0,0.0,0.0,0.0,0.0,12,0,0.0,Nacoes Shopping,NS
2026-01-02 00:00:00,UNKNOWN,0.0,0,0.0,0.0,0.0,0.0,0,0,0.0,Nacoes Shopping,NS
2026-01-02 00:00:00,ANDROID,40.0,2,0.0,0.0,0.0,0.0,5,0,0.0,Nacoes Shopping,NS
2026-01-03 00:00:00,UNKNOWN,0.0,0,0.0,0.0,0.0,0.0,0,0,0.0,Nacoes Shopping,NS
2026-01-03 00:00:00,ANDROID,0.0,0,0.0,0.0,0.0,0.0,3,0,0.0,Nacoes Shopping,NS
2026-01-04 00:00:00,ANDROID,0.0,0,0.0,0.0,0.0,0.0,6,0,0.0,Nacoes Shopping,NS
2026-01-05 00:00:00,UNKNOWN,0.0,0,0.0,0.0,0.0,0.0,0,0,0.0,Nacoes Shopping,NS
2026-01-05 00:00:00,ANDROID,12.5,1,0.0,0.0,0.0,0.0,8,0,0.0,Nacoes Shopping,NS
2026-01-06 00:00:00,ANDROID,0.0,0,0.0,0.0,0.0,0.0,0,0,0.0,Nacoes Shopping,NS
2026-01-07 00:00:00,UNKNOWN,0.0,0,0.0,0.0,0.0,0.0,0,0,0.0,Nacoes Shopping,NS
2026-01-07 00:00:00,ANDROID,0.0,0,0.0,0.0,0.0,0.0,2,0,0.0,Nacoes Shopping,NS
2026-01-08 00:00:00,ANDROID,0.0,0,0.0,0.0,0.0,0.0,0,0,0.0,Nacoes Shopping,NS
2026-01-09 00:00:00,ANDROID,0.0,0,0.0,0.0,0.0,0.0,0,0,0.0,Nacoes Shopping,NS
2026-01-10 00:00:00,ANDROID,0.0,0,0.0,0.0,0.0,0.0,0,0,0.0,Nacoes Shopping,NS
2026-01-11 00:00:00,ANDROID,0.0,0,0.0,0.0,0.0,0.0,0,0,0.0,Nacoes Shopping,NS
2026-01-12 00:00:00,ANDROID,0.0,0,0.0,0.0,0.0,0.0,0,0,0.0,Nacoes Shopping,NS
2026-01-13 00:00:00,ANDROID,0.0,0,0.0,0.0,0.0,0.0,0,0,0.0,Nacoes Shopping,NS
2026-01-14 00:00:00,ANDROID,0.0,0,0.0,0.0,0.0,6.17,4674,0,1.32,Nacoes Shopping,NS
2026-01-14 00:00:00,IPHONE,0.0,0,0.0,0.0,0.0,5.8,4733,0,1.23,Nacoes Shopping,NS
2026-01-14 00:00:00,IPAD,0.0,0,0.0,0.0,0.0,0.01,6,0,1.67,Nacoes Shopping,NS
2026-01-15 00:00:00,ANDROID,0.0,0,0.0,0.0,0.0,18.24,11922,0,1.53,Nacoes Shopping,NS
2026-01-15 00:00:00,IPHONE,0.0,0,0.0,0.0,0.0,16.4,9556,0,1.72,Nacoes Shopping,NS
2026-01-15 00:00:00,IPAD,0.0,0,0.0,0.0,0.0,0.01,16,0,0.63,Nacoes Shopping,NS
2026-01-16 00:00:00,ANDROID,0.0,0,0.0,0.0,0.0,19.97,11472,0,1.74,Nacoes Shopping,NS
2026-01-16 00:00:00,IPHONE,0.0,0,0.0,0.0,0.0,13.68,8908,0,1.54,Nacoes Shopping,NS
2026-01-16 00:00:00,IPAD,0.0,0,0.0,0.0,0.0,0.01,7,0,1.43,Nacoes Shopping,NS
2026-01-17 00:00:00,UNKNOWN,0.0,0,0.0,0.0,0.0,0.01,0,0,0.0,Nacoes Shopping,NS
2026-01-17 00:00:00,ANDROID,0.0,0,0.0,0.0,0.0,20.1,11696,0,1.72,Nacoes Shopping,NS
2026-01-17 00:00:00,IPHONE,0.0,0,0.0,0.0,0.0,13.64,8843,0,1.54,Nacoes Shopping,NS
2026-01-17 00:00:00,IPAD,0.0,0,0.0,0.0,0.0,0.05,13,0,3.85,Nacoes Shopping,NS
2026-01-18 00:00:00,ANDROID,0.0,0,0.0,0.0,0.0,18.32,11042,0,1.66,Nacoes Shopping,NS
2026-01-18 00:00:00,IPHONE,0.0,0,0.0,0.0,0.0,15.11,9206,0,1.64,Nacoes Shopping,NS
2026-01-18 00:00:00,IPAD,0.0,0,0.0,0.0,0.0,0.03,17,0,1.76,Nacoes Shopping,NS
2026-01-19 00:00:00,ANDROID,0.0,0,0.0,0.0,0.0,16.14,8921,0,1.81,Nacoes Shopping,NS
2026-01-19 00:00:00,IPHONE,0.0,0,0.0,0.0,0.0,15.28,8355,0,1.83,Nacoes Shopping,NS
2026-01-19 00:00:00,IPAD,0.0,0,0.0,0.0,0.0,0.05,24,0,2.08,Nacoes Shopping,NS
2026-01-20 00:00:00,ANDROID,0.0,0,0.0,0.0,0.0,15.56,7775,0,2.0,Nacoes Shopping,NS
2026-01-20 00:00:00,IPHONE,0.0,0,0.0,0.0,0.0,14.95,7348,0,2.03,Nacoes Shopping,NS
2026-01-20 00:00:00,IPAD,0.0,0,0.0,0.0,0.0,0.08,17,0,4.71,Nacoes Shopping,NS
2026-01-21 00:00:00,ANDROID,0.0,0,0.0,0.0,0.0,18.6,9877,0,1.88,Nacoes Shopping,NS
2026-01-21 00:00:00,IPHONE,0.0,0,0.0,0.0,0.0,15.12,9151,0,1.65,Nacoes Shopping,NS
2026-01-21 00:00:00,IPAD,0.0,0,0.0,0.0,0.0,0.02,10,0,2.0,Nacoes Shopping,NS
2026-01-22 00:00:00,ANDROID,0.0,0,0.0,0.0,0.0,17.28,10560,0,1.64,Nacoes Shopping,NS
2026-01-22 00:00:00,IPHONE,0.0,0,0.0,0.0,0.0,14.19,9024,0,1.57,Nacoes Shopping,NS
2026-01-22 00:00:00,IPAD,0.0,0,0.0,0.0,0.0,0.02,9,0,2.22,Nacoes Shopping,NS
2026-01-23 00:00:00,ANDROID,0.0,0,0.0,0.0,0.0,16.7,9853,0,1.69,Nacoes Shopping,NS
2026-01-23 00:00:00,IPHONE,0.0,0,0.0,0.0,0.0,13.69,8407,0,1.63,Nacoes Shopping,NS
2026-01-23 00:00:00,IPAD,0.0,0,0.0,0.0,0.0,0.01,14,0,0.71,Nacoes Shopping,NS
2026-01-24 00:00:00,UNKNOWN,0.0,0,0.0,0.0,0.0,0.01,0,0,0.0,Nacoes Shopping,NS
2026-01-24 00:00:00,ANDROID,0.0,0,0.0,0.0,0.0,17.43,9865,0,1.77,Nacoes Shopping,NS
2026-01-24 00:00:00,IPHONE,0.0,0,0.0,0.0,0.0,13.32,7857,0,1.7,Nacoes Shopping,NS
2026-01-24 00:00:00,IPAD,0.0,0,0.0,0.0,0.0,0.02,9,0,2.22,Nacoes Shopping,NS
2026-01-25 00:00:00,ANDROID,0.0,0,0.0,0.0,0.0,16.27,10179,0,1.6,Nacoes Shopping,NS
2026-01-25 00:00:00,IPHONE,0.0,0,0.0,0.0,0.0,12.45,8053,0,1.55,Nacoes Shopping,NS
2026-01-25 00:00:00,IPAD,0.0,0,0.0,0.0,0.0,0.0,12,0,0.0,Nacoes Shopping,NS
2026-01-26 00:00:00,UNKNOWN,0.0,0,0.0,0.0,0.0,0.01,0,0,0.0,Nacoes Shopping,NS
2026-01-26 00:00:00,ANDROID,0.0,0,0.0,0.0,0.0,15.88,8398,0,1.89,Nacoes Shopping,NS
2026-01-26 00:00:00,IPHONE,0.0,0,0.0,0.0,0.0,12.57,6280,0,2.0,Nacoes Shopping,NS
2026-01-26 00:00:00,IPAD,0.0,0,0.0,0.0,0.0,0.0,10,0,0.0,Nacoes Shopping,NS
2026-01-27 00:00:00,ANDROID,0.0,0,0.0,0.0,0.0,13.76,7722,0,1.78,Nacoes Shopping,NS
2026-01-27 00:00:00,IPHONE,0.0,0,0.0,0.0,0.0,12.65,7141,0,1.77,Nacoes Shopping,NS
2026-01-27 00:00:00,IPAD,0.0,0,0.0,0.0,0.0,0.0,6,0,0.0,Nacoes Shopping,NS
2026-01-28 00:00:00,ANDROID,0.0,0,0.0,0.0,0.0,15.22,10218,0,1.49,Nacoes Shopping,NS
2026-01-28 00:00:00,IPHONE,0.0,0,0.0,0.0,0.0,14.92,9250,0,1.61,Nacoes Shopping,NS
2026-01-28 00:00:00,IPAD,0.0,0,0.0,0.0,0.0,0.04,15,0,2.67,Nacoes Shopping,NS
2026-01-29 00:00:00,ANDROID,0.0,0,0.0,0.0,0.0,28.6,17441,0,1.64,Nacoes Shopping,NS
2026-01-29 00:00:00,IPHONE,0.0,0,0.0,0.0,0.0,23.38,14003,0,1.67,Nacoes Shopping,NS
2026-01-29 00:00:00,IPAD,0.0,0,0.0,0.0,0.0,0.09,36,0,2.5,Nacoes Shopping,NS
2026-01-30 00:00:00,UNKNOWN,0.0,0,0.0,0.0,0.0,0.03,0,0,0.0,Nacoes Shopping,NS
2026-01-30 00:00:00,ANDROID,0.0,0,0.0,0.0,0.0,56.91,31409,0,1.81,Nacoes Shopping,NS
2026-01-30 00:00:00,IPHONE,0.0,0,0.0,0.0,0.0,40.21,20922,0,1.92,Nacoes Shopping,NS
2026-01-30 00:00:00,IPAD,0.0,0,0.0,0.0,0.0,0.13,49,0,2.65,Nacoes Shopping,NS
2026-01-31 00:00:00,UNKNOWN,0.0,0,0.0,0.0,0.0,0.01,0,0,0.0,Nacoes Shopping,NS
2026-01-31 00:00:00,ANDROID,0.0,0,0.0,0.0,0.0,54.7,28718,0,1.9,Nacoes Shopping,NS
2026-01-31 00:00:00,IPHONE,0.0,0,0.0,0.0,0.0,37.22,19005,0,1.96,Nacoes Shopping,NS
2026-01-31 00:00:00,IPAD,0.0,0,0.0,0.0,0.0,0.1,46,0,2.17,Nacoes Shopping,NS
2026-02-01 00:00:00,UNKNOWN,0.0,0,0.0,0.0,0.0,0.01,0,0,0.0,Nacoes Shopping,NS
2026-02-01 00:00:00,ANDROID,0.0,0,0.0,0.0,0.0,48.82,29436,0,1.66,Nacoes Shopping,NS
2026-02-01 00:00:00,IPHONE,0.0,0,0.0,0.0,0.0,35.87,20713,0,1.73,Nacoes Shopping,NS
2026-02-01 00:00:00,IPAD,0.0,0,0.0,0.0,0.0,0.1,46,0,2.17,Nacoes Shopping,NS
2026-02-02 00:00:00,UNKNOWN,0.0,0,0.0,0.0,0.0,0.01,0,0,0.0,Nacoes Shopping,NS
2026-02-02 00:00:00,ANDROID,0.0,0,0.0,0.0,0.0,40.78,23231,0,1.76,Nacoes Shopping,NS
2026-02-02 00:00:00,IPHONE,0.0,0,0.0,0.0,0.0,41.64,21951,0,1.9,Nacoes Shopping,NS
2026-02-02 00:00:00,IPAD,0.0,0,0.0,0.0,0.0,0.11,72,0,1.53,Nacoes Shopping,NS
2026-02-03 00:00:00,ANDROID,0.0,0,0.0,0.0,0.0,37.97,19553,0,1.94,Nacoes Shopping,NS
2026-02-03 00:00:00,IPHONE,0.0,0,0.0,0.0,0.0,43.95,21042,0,2.09,Nacoes Shopping,NS
2026-02-03 00:00:00,IPAD,0.0,0,0.0,0.0,0.0,0.11,54,0,2.04,Nacoes Shopping,NS
2026-02-04 00:00:00,ANDROID,0.0,0,0.0,0.0,0.0,48.22,23513,0,2.05,Nacoes Shopping,NS
2026-02-04 00:00:00,IPHONE,0.0,0,0.0,0.0,0.0,33.38,15770,0,2.12,Nacoes Shopping,NS
2026-02-04 00:00:00,IPAD,0.0,0,0.0,0.0,0.0,0.09,52,0,1.73,Nacoes Shopping,NS
2026-02-05 00:00:00,ANDROID,0.0,0,0.0,0.0,0.0,44.8,23411,0,1.91,Nacoes Shopping,NS
2026-02-05 00:00:00,IPHONE,0.0,0,0.0,0.0,0.0,38.05,18629,0,2.04,Nacoes Shopping,NS
2026-02-05 00:00:00,IPAD,0.0,0,0.0,0.0,0.0,0.19,44,0,4.32,Nacoes Shopping,NS
2026-02-06 00:00:00,ANDROID,0.0,0,0.0,0.0,0.0,47.72,26405,0,1.81,Nacoes Shopping,NS
2026-02-06 00:00:00,IPHONE,0.0,0,0.0,0.0,0.0,31.51,17225,0,1.83,Nacoes Shopping,NS
2026-02-06 00:00:00,IPAD,0.0,0,0.0,0.0,0.0,0.09,53,0,1.7,Nacoes Shopping,NS
2026-02-07 00:00:00,ANDROID,0.0,0,0.0,0.0,0.0,37.49,20012,0,1.87,Nacoes Shopping,NS
2026-02-07 00:00:00,IPHONE,0.0,0,0.0,0.0,0.0,26.03,12886,0,2.02,Nacoes Shopping,NS
2026-02-07 00:00:00,IPAD,0.0,0,0.0,0.0,0.0,0.05,30,0,1.67,Nacoes Shopping,NS
2026-02-08 00:00:00,ANDROID,0.0,0,0.0,0.0,0.0,18.57,10281,0,1.81,Nacoes Shopping,NS
2026-02-08 00:00:00,IPHONE,0.0,0,0.0,0.0,0.0,12.85,6641,0,1.93,Nacoes Shopping,NS
2026-02-08 00:00:00,IPAD,0.0,0,0.0,0.0,0.0,0.01,20,0,0.5,Nacoes Shopping,NS
2026-02-09 00:00:00,ANDROID,0.0,0,0.0,0.0,0.0,10.78,5424,0,1.99,Nacoes Shopping,NS
2026-02-09 00:00:00,IPHONE,0.0,0,0.0,0.0,0.0,7.66,3675,0,2.08,Nacoes Shopping,NS
2026-02-09 00:00:00,IPAD,0.0,0,0.0,0.0,0.0,0.01,10,0,1.0,Nacoes Shopping,NS
2026-02-10 00:00:00,ANDROID,0.0,0,0.0,0.0,0.0,11.4,7027,0,1.62,Nacoes Shopping,NS
2026-02-10 00:00:00,IPHONE,0.0,0,0.0,0.0,0.0,8.17,4857,0,1.68,Nacoes Shopping,NS
2026-02-10 00:00:00,IPAD,0.0,0,0.0,0.0,0.0,0.01,16,0,0.63,Nacoes Shopping,NS
2026-02-11 00:00:00,ANDROID,0.0,0,0.0,0.0,0.0,10.28,7006,0,1.47,Nacoes Shopping,NS
2026-02-11 00:00:00,IPHONE,0.0,0,0.0,0.0,0.0,8.16,5174,0,1.58,Nacoes Shopping,NS
2026-02-11 00:00:00,IPAD,0.0,0,0.0,0.0,0.0,0.0,8,0,0.0,Nacoes Shopping,NS
2026-02-12 00:00:00,ANDROID,0.0,0,0.0,0.0,0.0,10.5,6697,0,1.57,Nacoes Shopping,NS
2026-02-12 00:00:00,IPHONE,0.0,0,0.0,0.0,0.0,7.5,4587,0,1.64,Nacoes Shopping,NS
2026-02-12 00:00:00,IPAD,0.0,0,0.0,0.0,0.0,0.0,2,0,0.0,Nacoes Shopping,NS
2026-02-13 00:00:00,ANDROID,0.0,0,0.0,0.0,0.0,10.26,6408,0,1.6,Nacoes Shopping,NS
2026-02-13 00:00:00,IPHONE,0.0,0,0.0,0.0,0.0,7.86,4237,0,1.86,Nacoes Shopping,NS
2026-02-13 00:00:00,IPAD,0.0,0,0.0,0.0,0.0,0.0,6,0,0.0,Nacoes Shopping,NS
2026-02-14 00:00:00,ANDROID,0.0,0,0.0,0.0,0.0,10.62,6525,0,1.63,Nacoes Shopping,NS
2026-02-14 00:00:00,IPHONE,0.0,0,0.0,0.0,0.0,7.42,3733,0,1.99,Nacoes Shopping,NS
2026-02-14 00:00:00,IPAD,0.0,0,0.0,0.0,0.0,0.0,13,0,0.0,Nacoes Shopping,NS
2026-02-15 00:00:00,UNKNOWN,0.0,0,0.0,0.0,0.0,0.01,0,0,0.0,Nacoes Shopping,NS
2026-02-15 00:00:00,ANDROID,0.0,0,0.0,0.0,0.0,10.14,5594,0,1.81,Nacoes Shopping,NS
2026-02-15 00:00:00,IPHONE,0.0,0,0.0,0.0,0.0,6.74,3369,0,2.0,Nacoes Shopping,NS
2026-02-15 00:00:00,IPAD,0.0,0,0.0,0.0,0.0,0.01,5,0,2.0,Nacoes Shopping,NS
2026-02-16 00:00:00,ANDROID,0.0,0,0.0,0.0,0.0,9.34,5081,0,1.84,Nacoes Shopping,NS
2026-02-16 00:00:00,IPHONE,0.0,0,0.0,0.0,0.0,6.92,3509,0,1.97,Nacoes Shopping,NS
2026-02-16 00:00:00,IPAD,0.0,0,0.0,0.0,0.0,0.01,8,0,1.25,Nacoes Shopping,NS
2026-02-17 00:00:00,ANDROID,0.0,0,0.0,0.0,0.0,10.24,6731,0,1.52,Nacoes Shopping,NS
2026-02-17 00:00:00,IPHONE,0.0,0,0.0,0.0,0.0,6.98,4795,0,1.46,Nacoes Shopping,NS
2026-02-17 00:00:00,IPAD,0.0,0,0.0,0.0,0.0,0.02,8,0,2.5,Nacoes Shopping,NS
2026-02-18 00:00:00,UNKNOWN,0.0,0,0.0,0.0,0.0,0.01,0,0,0.0,Nacoes Shopping,NS
2026-02-18 00:00:00,ANDROID,0.0,0,0.0,0.0,0.0,9.09,6622,0,1.37,Nacoes Shopping,NS
2026-02-18 00:00:00,IPHONE,0.0,0,0.0,0.0,0.0,6.74,4782,0,1.41,Nacoes Shopping,NS
2026-02-18 00:00:00,IPAD,0.0,0,0.0,0.0,0.0,0.0,13,0,0.0,Nacoes Shopping,NS
2026-02-19 00:00:00,ANDROID,0.0,0,0.0,0.0,0.0,9.48,6323,0,1.5,Nacoes Shopping,NS
2026-02-19 00:00:00,IPHONE,0.0,0,0.0,0.0,0.0,6.05,3825,0,1.58,Nacoes Shopping,NS
2026-02-19 00:00:00,IPAD,0.0,0,0.0,0.0,0.0,0.01,11,0,0.91,Nacoes Shopping,NS
2026-02-20 00:00:00,UNKNOWN,0.0,0,0.0,0.0,0.0,0.01,0,0,0.0,Nacoes Shopping,NS
2026-02-20 00:00:00,ANDROID,0.0,0,0.0,0.0,0.0,9.02,5496,0,1.64,Nacoes Shopping,NS
2026-02-20 00:00:00,IPHONE,0.0,0,0.0,0.0,0.0,6.12,3483,0,1.76,Nacoes Shopping,NS
2026-02-20 00:00:00,IPAD,0.0,0,0.0,0.0,0.0,0.0,2,0,0.0,Nacoes Shopping,NS
2026-02-21 00:00:00,ANDROID,0.0,0,0.0,0.0,0.0,8.39,5118,0,1.64,Nacoes Shopping,NS
2026-02-21 00:00:00,IPHONE,0.0,0,0.0,0.0,0.0,6.22,3350,0,1.86,Nacoes Shopping,NS
2026-02-21 00:00:00,IPAD,0.0,0,0.0,0.0,0.0,0.0,11,0,0.0,Nacoes Shopping,NS
2026-02-22 00:00:00,UNKNOWN,0.0,0,0.0,0.0,0.0,0.01,0,0,0.0,Nacoes Shopping,NS
2026-02-22 00:00:00,ANDROID,0.0,0,0.0,0.0,0.0,7.57,4615,0,1.64,Nacoes Shopping,NS
2026-02-22 00:00:00,IPHONE,0.0,0,0.0,0.0,0.0,5.67,3083,0,1.84,Nacoes Shopping,NS
2026-02-22 00:00:00,IPAD,0.0,0,0.0,0.0,0.0,0.0,1,0,0.0,Nacoes Shopping,NS
2026-02-23 00:00:00,ANDROID,0.0,0,0.0,0.0,0.0,6.41,3357,0,1.91,Nacoes Shopping,NS
2026-02-23 00:00:00,IPHONE,0.0,0,0.0,0.0,0.0,5.63,2289,0,2.46,Nacoes Shopping,NS
2026-02-23 00:00:00,IPAD,0.0,0,0.0,0.0,0.0,0.0,4,0,0.0,Nacoes Shopping,NS
2026-02-24 00:00:00,ANDROID,0.0,0,0.0,0.0,0.0,7.2,4397,0,1.64,Nacoes Shopping,NS
2026-02-24 00:00:00,IPHONE,0.0,0,0.0,0.0,0.0,4.17,2467,0,1.69,Nacoes Shopping,NS
2026-02-24 00:00:00,IPAD,0.0,0,0.0,0.0,0.0,0.01,5,0,2.0,Nacoes Shopping,NS
2026-02-25 00:00:00,ANDROID,0.0,0,0.0,0.0,0.0,2.26,1336,0,1.69,Nacoes Shopping,NS
2026-02-25 00:00:00,IPHONE,0.0,0,0.0,0.0,0.0,0.99,704,0,1.41,Nacoes Shopping,NS
2026-02-25 00:00:00,IPAD,0.0,0,0.0,0.0,0.0,0.0,4,0,0.0,Nacoes Shopping,NS
2026-02-27 00:00:00,ANDROID,0.0,0,0.0,0.0,0.0,0.0,0,0,0.0,Nacoes Shopping,NS
2026-03-02 00:00:00,ANDROID,0.0,0,0.0,0.0,0.0,0.0,0,0,0.0,Nacoes Shopping,NS
2026-03-03 00:00:00,ANDROID,0.0,0,0.0,0.0,0.0,0.0,0,0,0.0,Nacoes Shopping,NS
2026-03-04 00:00:00,ANDROID,0.0,0,0.0,0.0,0.0,0.0,0,0,0.0,Nacoes Shopping,NS
2026-03-05 00:00:00,ANDROID,0.0,0,0.0,0.0,0.0,0.0,0,0,0.0,Nacoes Shopping,NS
2026-03-06 00:00:00,ANDROID,0.0,0,0.0,0.0,0.0,0.0,0,0,0.0,Nacoes Shopping,NS
2026-03-09 00:00:00,ANDROID,0.0,0,0.0,0.0,0.0,0.0,0,0,0.0,Nacoes Shopping,NS
